<annotation>
	<folder>imagesTeil1</folder>
	<filename>IMG_0799.jpg</filename>
	<path>C:\Projekte\MaturaPiCar\MachineLearning\ImagesMatura23\imagesGesplitted\imagesTeil1\IMG_0799.jpg</path>
	<source>
		<database>Unknown</database>
	</source>
	<size>
		<width>768</width>
		<height>1024</height>
		<depth>3</depth>
	</size>
	<segmented>0</segmented>
	<object>
		<name>zwetschge</name>
		<pose>Unspecified</pose>
		<truncated>0</truncated>
		<difficult>0</difficult>
		<bndbox>
			<xmin>591</xmin>
			<ymin>417</ymin>
			<xmax>668</xmax>
			<ymax>487</ymax>
		</bndbox>
	</object>
	<object>
		<name>passionsfrucht</name>
		<pose>Unspecified</pose>
		<truncated>0</truncated>
		<difficult>0</difficult>
		<bndbox>
			<xmin>351</xmin>
			<ymin>281</ymin>
			<xmax>427</xmax>
			<ymax>350</ymax>
		</bndbox>
	</object>
	<object>
		<name>zitrone</name>
		<pose>Unspecified</pose>
		<truncated>0</truncated>
		<difficult>0</difficult>
		<bndbox>
			<xmin>540</xmin>
			<ymin>321</ymin>
			<xmax>625</xmax>
			<ymax>399</ymax>
		</bndbox>
	</object>
	<object>
		<name>kiwi</name>
		<pose>Unspecified</pose>
		<truncated>0</truncated>
		<difficult>0</difficult>
		<bndbox>
			<xmin>88</xmin>
			<ymin>279</ymin>
			<xmax>184</xmax>
			<ymax>356</ymax>
		</bndbox>
	</object>
	<object>
		<name>limette</name>
		<pose>Unspecified</pose>
		<truncated>0</truncated>
		<difficult>0</difficult>
		<bndbox>
			<xmin>208</xmin>
			<ymin>316</ymin>
			<xmax>304</xmax>
			<ymax>405</ymax>
		</bndbox>
	</object>
</annotation>
