<annotation>
	<folder>imagesTeil2</folder>
	<filename>IMG_1234.jpg</filename>
	<path>C:\Users\leons\Downloads\imagesTeil2\IMG_1234.jpg</path>
	<source>
		<database>Unknown</database>
	</source>
	<size>
		<width>768</width>
		<height>1024</height>
		<depth>3</depth>
	</size>
	<segmented>0</segmented>
	<object>
		<name>zwetschge</name>
		<pose>Unspecified</pose>
		<truncated>0</truncated>
		<difficult>0</difficult>
		<bndbox>
			<xmin>39</xmin>
			<ymin>672</ymin>
			<xmax>206</xmax>
			<ymax>789</ymax>
		</bndbox>
	</object>
	<object>
		<name>kiwi</name>
		<pose>Unspecified</pose>
		<truncated>0</truncated>
		<difficult>0</difficult>
		<bndbox>
			<xmin>460</xmin>
			<ymin>467</ymin>
			<xmax>596</xmax>
			<ymax>584</ymax>
		</bndbox>
	</object>
</annotation>
