<annotation>
	<folder>imagesTeil2</folder>
	<filename>IMG_1216.jpg</filename>
	<path>C:\Users\leons\Downloads\imagesTeil2\IMG_1216.jpg</path>
	<source>
		<database>Unknown</database>
	</source>
	<size>
		<width>768</width>
		<height>1024</height>
		<depth>3</depth>
	</size>
	<segmented>0</segmented>
	<object>
		<name>zwetschge</name>
		<pose>Unspecified</pose>
		<truncated>0</truncated>
		<difficult>0</difficult>
		<bndbox>
			<xmin>196</xmin>
			<ymin>692</ymin>
			<xmax>342</xmax>
			<ymax>824</ymax>
		</bndbox>
	</object>
	<object>
		<name>kiwi</name>
		<pose>Unspecified</pose>
		<truncated>0</truncated>
		<difficult>0</difficult>
		<bndbox>
			<xmin>438</xmin>
			<ymin>514</ymin>
			<xmax>601</xmax>
			<ymax>677</ymax>
		</bndbox>
	</object>
	<object>
		<name>kiwi</name>
		<pose>Unspecified</pose>
		<truncated>0</truncated>
		<difficult>0</difficult>
		<bndbox>
			<xmin>236</xmin>
			<ymin>465</ymin>
			<xmax>330</xmax>
			<ymax>548</ymax>
		</bndbox>
	</object>
</annotation>
