<annotation>
	<folder>imagesTeil2</folder>
	<filename>IMG_1192.jpg</filename>
	<path>C:\Users\leons\Downloads\imagesTeil2\IMG_1192.jpg</path>
	<source>
		<database>Unknown</database>
	</source>
	<size>
		<width>768</width>
		<height>1024</height>
		<depth>3</depth>
	</size>
	<segmented>0</segmented>
	<object>
		<name>zwetschge</name>
		<pose>Unspecified</pose>
		<truncated>0</truncated>
		<difficult>0</difficult>
		<bndbox>
			<xmin>347</xmin>
			<ymin>735</ymin>
			<xmax>460</xmax>
			<ymax>860</ymax>
		</bndbox>
	</object>
	<object>
		<name>passionsfrucht</name>
		<pose>Unspecified</pose>
		<truncated>0</truncated>
		<difficult>0</difficult>
		<bndbox>
			<xmin>459</xmin>
			<ymin>577</ymin>
			<xmax>588</xmax>
			<ymax>703</ymax>
		</bndbox>
	</object>
	<object>
		<name>passionsfrucht</name>
		<pose>Unspecified</pose>
		<truncated>0</truncated>
		<difficult>0</difficult>
		<bndbox>
			<xmin>317</xmin>
			<ymin>551</ymin>
			<xmax>428</xmax>
			<ymax>653</ymax>
		</bndbox>
	</object>
	<object>
		<name>zitrone</name>
		<pose>Unspecified</pose>
		<truncated>0</truncated>
		<difficult>0</difficult>
		<bndbox>
			<xmin>139</xmin>
			<ymin>559</ymin>
			<xmax>274</xmax>
			<ymax>668</ymax>
		</bndbox>
	</object>
</annotation>
