<annotation>
	<folder>imagesTeil2</folder>
	<filename>IMG_1308.jpg</filename>
	<path>C:\Users\leons\Downloads\imagesTeil2\IMG_1308.jpg</path>
	<source>
		<database>Unknown</database>
	</source>
	<size>
		<width>768</width>
		<height>1024</height>
		<depth>3</depth>
	</size>
	<segmented>0</segmented>
	<object>
		<name>zitrone</name>
		<pose>Unspecified</pose>
		<truncated>0</truncated>
		<difficult>0</difficult>
		<bndbox>
			<xmin>557</xmin>
			<ymin>527</ymin>
			<xmax>744</xmax>
			<ymax>693</ymax>
		</bndbox>
	</object>
	<object>
		<name>limette</name>
		<pose>Unspecified</pose>
		<truncated>0</truncated>
		<difficult>0</difficult>
		<bndbox>
			<xmin>461</xmin>
			<ymin>497</ymin>
			<xmax>565</xmax>
			<ymax>591</ymax>
		</bndbox>
	</object>
	<object>
		<name>zitrone</name>
		<pose>Unspecified</pose>
		<truncated>0</truncated>
		<difficult>0</difficult>
		<bndbox>
			<xmin>258</xmin>
			<ymin>485</ymin>
			<xmax>374</xmax>
			<ymax>572</ymax>
		</bndbox>
	</object>
	<object>
		<name>limette</name>
		<pose>Unspecified</pose>
		<truncated>0</truncated>
		<difficult>0</difficult>
		<bndbox>
			<xmin>52</xmin>
			<ymin>571</ymin>
			<xmax>187</xmax>
			<ymax>689</ymax>
		</bndbox>
	</object>
</annotation>
