<annotation>
	<folder>imagesTeil2</folder>
	<filename>IMG_1148.jpg</filename>
	<path>C:\Users\leons\Downloads\imagesTeil2\IMG_1148.jpg</path>
	<source>
		<database>Unknown</database>
	</source>
	<size>
		<width>768</width>
		<height>1024</height>
		<depth>3</depth>
	</size>
	<segmented>0</segmented>
	<object>
		<name>zwetschge</name>
		<pose>Unspecified</pose>
		<truncated>0</truncated>
		<difficult>0</difficult>
		<bndbox>
			<xmin>376</xmin>
			<ymin>711</ymin>
			<xmax>506</xmax>
			<ymax>826</ymax>
		</bndbox>
	</object>
	<object>
		<name>passionsfrucht</name>
		<pose>Unspecified</pose>
		<truncated>0</truncated>
		<difficult>0</difficult>
		<bndbox>
			<xmin>613</xmin>
			<ymin>569</ymin>
			<xmax>747</xmax>
			<ymax>689</ymax>
		</bndbox>
	</object>
	<object>
		<name>kiwi</name>
		<pose>Unspecified</pose>
		<truncated>0</truncated>
		<difficult>0</difficult>
		<bndbox>
			<xmin>244</xmin>
			<ymin>556</ymin>
			<xmax>389</xmax>
			<ymax>665</ymax>
		</bndbox>
	</object>
	<object>
		<name>kiwi</name>
		<pose>Unspecified</pose>
		<truncated>0</truncated>
		<difficult>0</difficult>
		<bndbox>
			<xmin>52</xmin>
			<ymin>578</ymin>
			<xmax>216</xmax>
			<ymax>685</ymax>
		</bndbox>
	</object>
</annotation>
