<annotation>
	<folder>imagesTeil2</folder>
	<filename>IMG_1157.jpg</filename>
	<path>C:\Users\leons\Downloads\imagesTeil2\IMG_1157.jpg</path>
	<source>
		<database>Unknown</database>
	</source>
	<size>
		<width>768</width>
		<height>1024</height>
		<depth>3</depth>
	</size>
	<segmented>0</segmented>
	<object>
		<name>limette</name>
		<pose>Unspecified</pose>
		<truncated>0</truncated>
		<difficult>0</difficult>
		<bndbox>
			<xmin>66</xmin>
			<ymin>656</ymin>
			<xmax>194</xmax>
			<ymax>779</ymax>
		</bndbox>
	</object>
	<object>
		<name>passionsfrucht</name>
		<pose>Unspecified</pose>
		<truncated>0</truncated>
		<difficult>0</difficult>
		<bndbox>
			<xmin>190</xmin>
			<ymin>560</ymin>
			<xmax>304</xmax>
			<ymax>659</ymax>
		</bndbox>
	</object>
	<object>
		<name>passionsfrucht</name>
		<pose>Unspecified</pose>
		<truncated>0</truncated>
		<difficult>0</difficult>
		<bndbox>
			<xmin>507</xmin>
			<ymin>556</ymin>
			<xmax>608</xmax>
			<ymax>655</ymax>
		</bndbox>
	</object>
	<object>
		<name>zitrone</name>
		<pose>Unspecified</pose>
		<truncated>0</truncated>
		<difficult>0</difficult>
		<bndbox>
			<xmin>363</xmin>
			<ymin>592</ymin>
			<xmax>481</xmax>
			<ymax>707</ymax>
		</bndbox>
	</object>
</annotation>
