<annotation>
	<folder>imagesTeil1</folder>
	<filename>IMG_0978.jpg</filename>
	<path>C:\Projekte\MaturaPiCar\MachineLearning\ImagesMatura23\imagesGesplitted\imagesTeil1\IMG_0978.jpg</path>
	<source>
		<database>Unknown</database>
	</source>
	<size>
		<width>768</width>
		<height>1024</height>
		<depth>3</depth>
	</size>
	<segmented>0</segmented>
	<object>
		<name>limette</name>
		<pose>Unspecified</pose>
		<truncated>0</truncated>
		<difficult>0</difficult>
		<bndbox>
			<xmin>468</xmin>
			<ymin>242</ymin>
			<xmax>603</xmax>
			<ymax>380</ymax>
		</bndbox>
	</object>
	<object>
		<name>passionsfrucht</name>
		<pose>Unspecified</pose>
		<truncated>0</truncated>
		<difficult>0</difficult>
		<bndbox>
			<xmin>447</xmin>
			<ymin>555</ymin>
			<xmax>591</xmax>
			<ymax>726</ymax>
		</bndbox>
	</object>
	<object>
		<name>kiwi</name>
		<pose>Unspecified</pose>
		<truncated>0</truncated>
		<difficult>0</difficult>
		<bndbox>
			<xmin>74</xmin>
			<ymin>636</ymin>
			<xmax>266</xmax>
			<ymax>812</ymax>
		</bndbox>
	</object>
	<object>
		<name>zwetschge</name>
		<pose>Unspecified</pose>
		<truncated>0</truncated>
		<difficult>0</difficult>
		<bndbox>
			<xmin>278</xmin>
			<ymin>417</ymin>
			<xmax>355</xmax>
			<ymax>523</ymax>
		</bndbox>
	</object>
	<object>
		<name>zitrone</name>
		<pose>Unspecified</pose>
		<truncated>0</truncated>
		<difficult>0</difficult>
		<bndbox>
			<xmin>82</xmin>
			<ymin>264</ymin>
			<xmax>224</xmax>
			<ymax>449</ymax>
		</bndbox>
	</object>
</annotation>
