<annotation>
	<folder>imagesTeil2</folder>
	<filename>IMG_1198.jpg</filename>
	<path>C:\Users\leons\Downloads\imagesTeil2\IMG_1198.jpg</path>
	<source>
		<database>Unknown</database>
	</source>
	<size>
		<width>768</width>
		<height>1024</height>
		<depth>3</depth>
	</size>
	<segmented>0</segmented>
	<object>
		<name>zwetschge</name>
		<pose>Unspecified</pose>
		<truncated>0</truncated>
		<difficult>0</difficult>
		<bndbox>
			<xmin>184</xmin>
			<ymin>732</ymin>
			<xmax>336</xmax>
			<ymax>875</ymax>
		</bndbox>
	</object>
	<object>
		<name>passionsfrucht</name>
		<pose>Unspecified</pose>
		<truncated>0</truncated>
		<difficult>0</difficult>
		<bndbox>
			<xmin>447</xmin>
			<ymin>511</ymin>
			<xmax>554</xmax>
			<ymax>615</ymax>
		</bndbox>
	</object>
	<object>
		<name>kiwi</name>
		<pose>Unspecified</pose>
		<truncated>0</truncated>
		<difficult>0</difficult>
		<bndbox>
			<xmin>35</xmin>
			<ymin>534</ymin>
			<xmax>233</xmax>
			<ymax>678</ymax>
		</bndbox>
	</object>
</annotation>
