<annotation>
	<folder>imagesTeil2</folder>
	<filename>IMG_1100.jpg</filename>
	<path>C:\Users\leons\Downloads\imagesTeil2\IMG_1100.jpg</path>
	<source>
		<database>Unknown</database>
	</source>
	<size>
		<width>768</width>
		<height>1024</height>
		<depth>3</depth>
	</size>
	<segmented>0</segmented>
	<object>
		<name>zitrone</name>
		<pose>Unspecified</pose>
		<truncated>0</truncated>
		<difficult>0</difficult>
		<bndbox>
			<xmin>83</xmin>
			<ymin>600</ymin>
			<xmax>204</xmax>
			<ymax>705</ymax>
		</bndbox>
	</object>
	<object>
		<name>zitrone</name>
		<pose>Unspecified</pose>
		<truncated>0</truncated>
		<difficult>0</difficult>
		<bndbox>
			<xmin>576</xmin>
			<ymin>608</ymin>
			<xmax>724</xmax>
			<ymax>751</ymax>
		</bndbox>
	</object>
	<object>
		<name>limette</name>
		<pose>Unspecified</pose>
		<truncated>0</truncated>
		<difficult>0</difficult>
		<bndbox>
			<xmin>283</xmin>
			<ymin>611</ymin>
			<xmax>383</xmax>
			<ymax>711</ymax>
		</bndbox>
	</object>
	<object>
		<name>passionsfrucht</name>
		<pose>Unspecified</pose>
		<truncated>0</truncated>
		<difficult>0</difficult>
		<bndbox>
			<xmin>393</xmin>
			<ymin>561</ymin>
			<xmax>487</xmax>
			<ymax>657</ymax>
		</bndbox>
	</object>
</annotation>
