<annotation>
	<folder>imagesTeil2</folder>
	<filename>IMG_1222.jpg</filename>
	<path>C:\Users\leons\Downloads\imagesTeil2\IMG_1222.jpg</path>
	<source>
		<database>Unknown</database>
	</source>
	<size>
		<width>768</width>
		<height>1024</height>
		<depth>3</depth>
	</size>
	<segmented>0</segmented>
	<object>
		<name>limette</name>
		<pose>Unspecified</pose>
		<truncated>0</truncated>
		<difficult>0</difficult>
		<bndbox>
			<xmin>428</xmin>
			<ymin>580</ymin>
			<xmax>556</xmax>
			<ymax>718</ymax>
		</bndbox>
	</object>
	<object>
		<name>limette</name>
		<pose>Unspecified</pose>
		<truncated>0</truncated>
		<difficult>0</difficult>
		<bndbox>
			<xmin>87</xmin>
			<ymin>484</ymin>
			<xmax>198</xmax>
			<ymax>578</ymax>
		</bndbox>
	</object>
	<object>
		<name>passionsfrucht</name>
		<pose>Unspecified</pose>
		<truncated>0</truncated>
		<difficult>0</difficult>
		<bndbox>
			<xmin>605</xmin>
			<ymin>508</ymin>
			<xmax>742</xmax>
			<ymax>654</ymax>
		</bndbox>
	</object>
	<object>
		<name>passionsfrucht</name>
		<pose>Unspecified</pose>
		<truncated>1</truncated>
		<difficult>0</difficult>
		<bndbox>
			<xmin>1</xmin>
			<ymin>601</ymin>
			<xmax>257</xmax>
			<ymax>851</ymax>
		</bndbox>
	</object>
</annotation>
