<annotation>
	<folder>imagesTeil2</folder>
	<filename>IMG_1213.jpg</filename>
	<path>C:\Users\leons\Downloads\imagesTeil2\IMG_1213.jpg</path>
	<source>
		<database>Unknown</database>
	</source>
	<size>
		<width>768</width>
		<height>1024</height>
		<depth>3</depth>
	</size>
	<segmented>0</segmented>
	<object>
		<name>limette</name>
		<pose>Unspecified</pose>
		<truncated>0</truncated>
		<difficult>0</difficult>
		<bndbox>
			<xmin>376</xmin>
			<ymin>700</ymin>
			<xmax>616</xmax>
			<ymax>967</ymax>
		</bndbox>
	</object>
	<object>
		<name>limette</name>
		<pose>Unspecified</pose>
		<truncated>0</truncated>
		<difficult>0</difficult>
		<bndbox>
			<xmin>26</xmin>
			<ymin>499</ymin>
			<xmax>121</xmax>
			<ymax>581</ymax>
		</bndbox>
	</object>
	<object>
		<name>zitrone</name>
		<pose>Unspecified</pose>
		<truncated>0</truncated>
		<difficult>0</difficult>
		<bndbox>
			<xmin>206</xmin>
			<ymin>478</ymin>
			<xmax>312</xmax>
			<ymax>566</ymax>
		</bndbox>
	</object>
</annotation>
