<annotation>
	<folder>imagesTeil2</folder>
	<filename>IMG_1195.jpg</filename>
	<path>C:\Users\leons\Downloads\imagesTeil2\IMG_1195.jpg</path>
	<source>
		<database>Unknown</database>
	</source>
	<size>
		<width>768</width>
		<height>1024</height>
		<depth>3</depth>
	</size>
	<segmented>0</segmented>
	<object>
		<name>limette</name>
		<pose>Unspecified</pose>
		<truncated>0</truncated>
		<difficult>0</difficult>
		<bndbox>
			<xmin>25</xmin>
			<ymin>739</ymin>
			<xmax>214</xmax>
			<ymax>940</ymax>
		</bndbox>
	</object>
	<object>
		<name>zwetschge</name>
		<pose>Unspecified</pose>
		<truncated>0</truncated>
		<difficult>0</difficult>
		<bndbox>
			<xmin>386</xmin>
			<ymin>744</ymin>
			<xmax>488</xmax>
			<ymax>859</ymax>
		</bndbox>
	</object>
	<object>
		<name>passionsfrucht</name>
		<pose>Unspecified</pose>
		<truncated>0</truncated>
		<difficult>0</difficult>
		<bndbox>
			<xmin>414</xmin>
			<ymin>604</ymin>
			<xmax>538</xmax>
			<ymax>726</ymax>
		</bndbox>
	</object>
	<object>
		<name>passionsfrucht</name>
		<pose>Unspecified</pose>
		<truncated>0</truncated>
		<difficult>0</difficult>
		<bndbox>
			<xmin>71</xmin>
			<ymin>598</ymin>
			<xmax>205</xmax>
			<ymax>713</ymax>
		</bndbox>
	</object>
</annotation>
