<annotation>
	<folder>imagesTeil2</folder>
	<filename>IMG_1263.jpg</filename>
	<path>C:\Users\leons\Downloads\imagesTeil2\IMG_1263.jpg</path>
	<source>
		<database>Unknown</database>
	</source>
	<size>
		<width>768</width>
		<height>1024</height>
		<depth>3</depth>
	</size>
	<segmented>0</segmented>
	<object>
		<name>kiwi</name>
		<pose>Unspecified</pose>
		<truncated>0</truncated>
		<difficult>0</difficult>
		<bndbox>
			<xmin>596</xmin>
			<ymin>502</ymin>
			<xmax>740</xmax>
			<ymax>638</ymax>
		</bndbox>
	</object>
	<object>
		<name>kiwi</name>
		<pose>Unspecified</pose>
		<truncated>0</truncated>
		<difficult>0</difficult>
		<bndbox>
			<xmin>74</xmin>
			<ymin>524</ymin>
			<xmax>298</xmax>
			<ymax>710</ymax>
		</bndbox>
	</object>
</annotation>
