<annotation>
	<folder>imagesTeil2</folder>
	<filename>IMG_1099.jpg</filename>
	<path>C:\Users\leons\Downloads\imagesTeil2\IMG_1099.jpg</path>
	<source>
		<database>Unknown</database>
	</source>
	<size>
		<width>768</width>
		<height>1024</height>
		<depth>3</depth>
	</size>
	<segmented>0</segmented>
	<object>
		<name>passionsfrucht</name>
		<pose>Unspecified</pose>
		<truncated>0</truncated>
		<difficult>0</difficult>
		<bndbox>
			<xmin>96</xmin>
			<ymin>525</ymin>
			<xmax>207</xmax>
			<ymax>637</ymax>
		</bndbox>
	</object>
	<object>
		<name>limette</name>
		<pose>Unspecified</pose>
		<truncated>0</truncated>
		<difficult>0</difficult>
		<bndbox>
			<xmin>611</xmin>
			<ymin>586</ymin>
			<xmax>740</xmax>
			<ymax>702</ymax>
		</bndbox>
	</object>
	<object>
		<name>zitrone</name>
		<pose>Unspecified</pose>
		<truncated>0</truncated>
		<difficult>0</difficult>
		<bndbox>
			<xmin>430</xmin>
			<ymin>512</ymin>
			<xmax>532</xmax>
			<ymax>607</ymax>
		</bndbox>
	</object>
	<object>
		<name>zitrone</name>
		<pose>Unspecified</pose>
		<truncated>0</truncated>
		<difficult>0</difficult>
		<bndbox>
			<xmin>273</xmin>
			<ymin>527</ymin>
			<xmax>361</xmax>
			<ymax>616</ymax>
		</bndbox>
	</object>
</annotation>
