<annotation>
	<folder>imagesTeil2</folder>
	<filename>IMG_1175.jpg</filename>
	<path>C:\Users\leons\Downloads\imagesTeil2\IMG_1175.jpg</path>
	<source>
		<database>Unknown</database>
	</source>
	<size>
		<width>768</width>
		<height>1024</height>
		<depth>3</depth>
	</size>
	<segmented>0</segmented>
	<object>
		<name>kiwi</name>
		<pose>Unspecified</pose>
		<truncated>0</truncated>
		<difficult>0</difficult>
		<bndbox>
			<xmin>80</xmin>
			<ymin>548</ymin>
			<xmax>228</xmax>
			<ymax>648</ymax>
		</bndbox>
	</object>
	<object>
		<name>kiwi</name>
		<pose>Unspecified</pose>
		<truncated>0</truncated>
		<difficult>0</difficult>
		<bndbox>
			<xmin>497</xmin>
			<ymin>617</ymin>
			<xmax>746</xmax>
			<ymax>826</ymax>
		</bndbox>
	</object>
</annotation>
