<annotation>
	<folder>imagesTeil2</folder>
	<filename>IMG_1078.jpg</filename>
	<path>C:\Users\leons\Downloads\imagesTeil2\IMG_1078.jpg</path>
	<source>
		<database>Unknown</database>
	</source>
	<size>
		<width>768</width>
		<height>1024</height>
		<depth>3</depth>
	</size>
	<segmented>0</segmented>
	<object>
		<name>zitrone</name>
		<pose>Unspecified</pose>
		<truncated>0</truncated>
		<difficult>0</difficult>
		<bndbox>
			<xmin>88</xmin>
			<ymin>566</ymin>
			<xmax>248</xmax>
			<ymax>720</ymax>
		</bndbox>
	</object>
	<object>
		<name>zitrone</name>
		<pose>Unspecified</pose>
		<truncated>0</truncated>
		<difficult>0</difficult>
		<bndbox>
			<xmin>487</xmin>
			<ymin>535</ymin>
			<xmax>598</xmax>
			<ymax>629</ymax>
		</bndbox>
	</object>
	<object>
		<name>zwetschge</name>
		<pose>Unspecified</pose>
		<truncated>0</truncated>
		<difficult>0</difficult>
		<bndbox>
			<xmin>393</xmin>
			<ymin>678</ymin>
			<xmax>534</xmax>
			<ymax>788</ymax>
		</bndbox>
	</object>
	<object>
		<name>passionsfrucht</name>
		<pose>Unspecified</pose>
		<truncated>0</truncated>
		<difficult>0</difficult>
		<bndbox>
			<xmin>285</xmin>
			<ymin>533</ymin>
			<xmax>406</xmax>
			<ymax>645</ymax>
		</bndbox>
	</object>
</annotation>
