<annotation>
	<folder>imagesTeil2</folder>
	<filename>IMG_1189.jpg</filename>
	<path>C:\Users\leons\Downloads\imagesTeil2\IMG_1189.jpg</path>
	<source>
		<database>Unknown</database>
	</source>
	<size>
		<width>768</width>
		<height>1024</height>
		<depth>3</depth>
	</size>
	<segmented>0</segmented>
	<object>
		<name>zwetschge</name>
		<pose>Unspecified</pose>
		<truncated>0</truncated>
		<difficult>0</difficult>
		<bndbox>
			<xmin>525</xmin>
			<ymin>713</ymin>
			<xmax>638</xmax>
			<ymax>832</ymax>
		</bndbox>
	</object>
	<object>
		<name>zwetschge</name>
		<pose>Unspecified</pose>
		<truncated>0</truncated>
		<difficult>0</difficult>
		<bndbox>
			<xmin>436</xmin>
			<ymin>632</ymin>
			<xmax>511</xmax>
			<ymax>703</ymax>
		</bndbox>
	</object>
	<object>
		<name>zitrone</name>
		<pose>Unspecified</pose>
		<truncated>0</truncated>
		<difficult>0</difficult>
		<bndbox>
			<xmin>531</xmin>
			<ymin>549</ymin>
			<xmax>653</xmax>
			<ymax>653</ymax>
		</bndbox>
	</object>
	<object>
		<name>passionsfrucht</name>
		<pose>Unspecified</pose>
		<truncated>0</truncated>
		<difficult>0</difficult>
		<bndbox>
			<xmin>141</xmin>
			<ymin>576</ymin>
			<xmax>275</xmax>
			<ymax>694</ymax>
		</bndbox>
	</object>
</annotation>
