<annotation>
	<folder>imagesTeil2</folder>
	<filename>IMG_1181.jpg</filename>
	<path>C:\Users\leons\Downloads\imagesTeil2\IMG_1181.jpg</path>
	<source>
		<database>Unknown</database>
	</source>
	<size>
		<width>768</width>
		<height>1024</height>
		<depth>3</depth>
	</size>
	<segmented>0</segmented>
	<object>
		<name>zwetschge</name>
		<pose>Unspecified</pose>
		<truncated>0</truncated>
		<difficult>0</difficult>
		<bndbox>
			<xmin>145</xmin>
			<ymin>667</ymin>
			<xmax>261</xmax>
			<ymax>772</ymax>
		</bndbox>
	</object>
	<object>
		<name>limette</name>
		<pose>Unspecified</pose>
		<truncated>0</truncated>
		<difficult>0</difficult>
		<bndbox>
			<xmin>125</xmin>
			<ymin>574</ymin>
			<xmax>231</xmax>
			<ymax>673</ymax>
		</bndbox>
	</object>
	<object>
		<name>zwetschge</name>
		<pose>Unspecified</pose>
		<truncated>0</truncated>
		<difficult>0</difficult>
		<bndbox>
			<xmin>453</xmin>
			<ymin>575</ymin>
			<xmax>519</xmax>
			<ymax>630</ymax>
		</bndbox>
	</object>
</annotation>
