<annotation>
	<folder>imagesTeil1</folder>
	<filename>IMG_0983.jpg</filename>
	<path>C:\Projekte\MaturaPiCar\MachineLearning\ImagesMatura23\imagesGesplitted\imagesTeil1\IMG_0983.jpg</path>
	<source>
		<database>Unknown</database>
	</source>
	<size>
		<width>768</width>
		<height>1024</height>
		<depth>3</depth>
	</size>
	<segmented>0</segmented>
	<object>
		<name>passionsfrucht</name>
		<pose>Unspecified</pose>
		<truncated>0</truncated>
		<difficult>0</difficult>
		<bndbox>
			<xmin>408</xmin>
			<ymin>431</ymin>
			<xmax>530</xmax>
			<ymax>566</ymax>
		</bndbox>
	</object>
	<object>
		<name>zwetschge</name>
		<pose>Unspecified</pose>
		<truncated>0</truncated>
		<difficult>0</difficult>
		<bndbox>
			<xmin>294</xmin>
			<ymin>352</ymin>
			<xmax>363</xmax>
			<ymax>442</ymax>
		</bndbox>
	</object>
	<object>
		<name>limette</name>
		<pose>Unspecified</pose>
		<truncated>0</truncated>
		<difficult>0</difficult>
		<bndbox>
			<xmin>324</xmin>
			<ymin>121</ymin>
			<xmax>431</xmax>
			<ymax>237</ymax>
		</bndbox>
	</object>
	<object>
		<name>kiwi</name>
		<pose>Unspecified</pose>
		<truncated>0</truncated>
		<difficult>0</difficult>
		<bndbox>
			<xmin>117</xmin>
			<ymin>184</ymin>
			<xmax>255</xmax>
			<ymax>346</ymax>
		</bndbox>
	</object>
	<object>
		<name>zitrone</name>
		<pose>Unspecified</pose>
		<truncated>0</truncated>
		<difficult>0</difficult>
		<bndbox>
			<xmin>113</xmin>
			<ymin>505</ymin>
			<xmax>236</xmax>
			<ymax>630</ymax>
		</bndbox>
	</object>
</annotation>
