<annotation>
	<folder>imagesTeil2</folder>
	<filename>IMG_1247.jpg</filename>
	<path>C:\Users\leons\Downloads\imagesTeil2\IMG_1247.jpg</path>
	<source>
		<database>Unknown</database>
	</source>
	<size>
		<width>768</width>
		<height>1024</height>
		<depth>3</depth>
	</size>
	<segmented>0</segmented>
	<object>
		<name>zitrone</name>
		<pose>Unspecified</pose>
		<truncated>0</truncated>
		<difficult>0</difficult>
		<bndbox>
			<xmin>520</xmin>
			<ymin>629</ymin>
			<xmax>763</xmax>
			<ymax>853</ymax>
		</bndbox>
	</object>
	<object>
		<name>zitrone</name>
		<pose>Unspecified</pose>
		<truncated>0</truncated>
		<difficult>0</difficult>
		<bndbox>
			<xmin>34</xmin>
			<ymin>455</ymin>
			<xmax>192</xmax>
			<ymax>581</ymax>
		</bndbox>
	</object>
	<object>
		<name>kiwi</name>
		<pose>Unspecified</pose>
		<truncated>0</truncated>
		<difficult>0</difficult>
		<bndbox>
			<xmin>388</xmin>
			<ymin>493</ymin>
			<xmax>552</xmax>
			<ymax>642</ymax>
		</bndbox>
	</object>
</annotation>
