<annotation>
	<folder>imagesTeil2</folder>
	<filename>IMG_1146.jpg</filename>
	<path>C:\Users\leons\Downloads\imagesTeil2\IMG_1146.jpg</path>
	<source>
		<database>Unknown</database>
	</source>
	<size>
		<width>768</width>
		<height>1024</height>
		<depth>3</depth>
	</size>
	<segmented>0</segmented>
	<object>
		<name>zwetschge</name>
		<pose>Unspecified</pose>
		<truncated>0</truncated>
		<difficult>0</difficult>
		<bndbox>
			<xmin>314</xmin>
			<ymin>727</ymin>
			<xmax>451</xmax>
			<ymax>874</ymax>
		</bndbox>
	</object>
	<object>
		<name>limette</name>
		<pose>Unspecified</pose>
		<truncated>0</truncated>
		<difficult>0</difficult>
		<bndbox>
			<xmin>517</xmin>
			<ymin>646</ymin>
			<xmax>704</xmax>
			<ymax>822</ymax>
		</bndbox>
	</object>
	<object>
		<name>kiwi</name>
		<pose>Unspecified</pose>
		<truncated>0</truncated>
		<difficult>0</difficult>
		<bndbox>
			<xmin>79</xmin>
			<ymin>541</ymin>
			<xmax>288</xmax>
			<ymax>681</ymax>
		</bndbox>
	</object>
</annotation>
