<annotation>
	<folder>imagesTeil2</folder>
	<filename>IMG_1150.jpg</filename>
	<path>C:\Users\leons\Downloads\imagesTeil2\IMG_1150.jpg</path>
	<source>
		<database>Unknown</database>
	</source>
	<size>
		<width>768</width>
		<height>1024</height>
		<depth>3</depth>
	</size>
	<segmented>0</segmented>
	<object>
		<name>zwetschge</name>
		<pose>Unspecified</pose>
		<truncated>0</truncated>
		<difficult>0</difficult>
		<bndbox>
			<xmin>459</xmin>
			<ymin>680</ymin>
			<xmax>550</xmax>
			<ymax>779</ymax>
		</bndbox>
	</object>
	<object>
		<name>zwetschge</name>
		<pose>Unspecified</pose>
		<truncated>0</truncated>
		<difficult>0</difficult>
		<bndbox>
			<xmin>4</xmin>
			<ymin>684</ymin>
			<xmax>130</xmax>
			<ymax>786</ymax>
		</bndbox>
	</object>
	<object>
		<name>kiwi</name>
		<pose>Unspecified</pose>
		<truncated>0</truncated>
		<difficult>0</difficult>
		<bndbox>
			<xmin>630</xmin>
			<ymin>563</ymin>
			<xmax>761</xmax>
			<ymax>681</ymax>
		</bndbox>
	</object>
	<object>
		<name>passionsfrucht</name>
		<pose>Unspecified</pose>
		<truncated>0</truncated>
		<difficult>0</difficult>
		<bndbox>
			<xmin>282</xmin>
			<ymin>543</ymin>
			<xmax>373</xmax>
			<ymax>633</ymax>
		</bndbox>
	</object>
</annotation>
