<annotation>
	<folder>imagesTeil2</folder>
	<filename>IMG_1171.jpg</filename>
	<path>C:\Users\leons\Downloads\imagesTeil2\IMG_1171.jpg</path>
	<source>
		<database>Unknown</database>
	</source>
	<size>
		<width>768</width>
		<height>1024</height>
		<depth>3</depth>
	</size>
	<segmented>0</segmented>
	<object>
		<name>passionsfrucht</name>
		<pose>Unspecified</pose>
		<truncated>0</truncated>
		<difficult>0</difficult>
		<bndbox>
			<xmin>54</xmin>
			<ymin>646</ymin>
			<xmax>234</xmax>
			<ymax>819</ymax>
		</bndbox>
	</object>
	<object>
		<name>zwetschge</name>
		<pose>Unspecified</pose>
		<truncated>0</truncated>
		<difficult>0</difficult>
		<bndbox>
			<xmin>530</xmin>
			<ymin>629</ymin>
			<xmax>614</xmax>
			<ymax>699</ymax>
		</bndbox>
	</object>
	<object>
		<name>zitrone</name>
		<pose>Unspecified</pose>
		<truncated>0</truncated>
		<difficult>0</difficult>
		<bndbox>
			<xmin>395</xmin>
			<ymin>557</ymin>
			<xmax>505</xmax>
			<ymax>654</ymax>
		</bndbox>
	</object>
</annotation>
