<annotation>
	<folder>imagesTeil2</folder>
	<filename>IMG_1226.jpg</filename>
	<path>C:\Users\leons\Downloads\imagesTeil2\IMG_1226.jpg</path>
	<source>
		<database>Unknown</database>
	</source>
	<size>
		<width>768</width>
		<height>1024</height>
		<depth>3</depth>
	</size>
	<segmented>0</segmented>
	<object>
		<name>zwetschge</name>
		<pose>Unspecified</pose>
		<truncated>0</truncated>
		<difficult>0</difficult>
		<bndbox>
			<xmin>478</xmin>
			<ymin>638</ymin>
			<xmax>601</xmax>
			<ymax>767</ymax>
		</bndbox>
	</object>
	<object>
		<name>zwetschge</name>
		<pose>Unspecified</pose>
		<truncated>0</truncated>
		<difficult>0</difficult>
		<bndbox>
			<xmin>515</xmin>
			<ymin>475</ymin>
			<xmax>585</xmax>
			<ymax>525</ymax>
		</bndbox>
	</object>
</annotation>
