<annotation>
	<folder>imagesTeil2</folder>
	<filename>IMG_1133.jpg</filename>
	<path>C:\Users\leons\Downloads\imagesTeil2\IMG_1133.jpg</path>
	<source>
		<database>Unknown</database>
	</source>
	<size>
		<width>768</width>
		<height>1024</height>
		<depth>3</depth>
	</size>
	<segmented>0</segmented>
	<object>
		<name>zwetschge</name>
		<pose>Unspecified</pose>
		<truncated>0</truncated>
		<difficult>0</difficult>
		<bndbox>
			<xmin>155</xmin>
			<ymin>762</ymin>
			<xmax>319</xmax>
			<ymax>903</ymax>
		</bndbox>
	</object>
	<object>
		<name>zwetschge</name>
		<pose>Unspecified</pose>
		<truncated>0</truncated>
		<difficult>0</difficult>
		<bndbox>
			<xmin>75</xmin>
			<ymin>596</ymin>
			<xmax>147</xmax>
			<ymax>654</ymax>
		</bndbox>
	</object>
	<object>
		<name>zitrone</name>
		<pose>Unspecified</pose>
		<truncated>0</truncated>
		<difficult>0</difficult>
		<bndbox>
			<xmin>333</xmin>
			<ymin>542</ymin>
			<xmax>437</xmax>
			<ymax>643</ymax>
		</bndbox>
	</object>
	<object>
		<name>passionsfrucht</name>
		<pose>Unspecified</pose>
		<truncated>0</truncated>
		<difficult>0</difficult>
		<bndbox>
			<xmin>173</xmin>
			<ymin>581</ymin>
			<xmax>317</xmax>
			<ymax>716</ymax>
		</bndbox>
	</object>
</annotation>
