<annotation>
	<folder>imagesTeil2</folder>
	<filename>IMG_1144.jpg</filename>
	<path>C:\Users\leons\Downloads\imagesTeil2\IMG_1144.jpg</path>
	<source>
		<database>Unknown</database>
	</source>
	<size>
		<width>768</width>
		<height>1024</height>
		<depth>3</depth>
	</size>
	<segmented>0</segmented>
	<object>
		<name>zwetschge</name>
		<pose>Unspecified</pose>
		<truncated>0</truncated>
		<difficult>0</difficult>
		<bndbox>
			<xmin>225</xmin>
			<ymin>734</ymin>
			<xmax>353</xmax>
			<ymax>869</ymax>
		</bndbox>
	</object>
	<object>
		<name>passionsfrucht</name>
		<pose>Unspecified</pose>
		<truncated>0</truncated>
		<difficult>0</difficult>
		<bndbox>
			<xmin>493</xmin>
			<ymin>542</ymin>
			<xmax>600</xmax>
			<ymax>650</ymax>
		</bndbox>
	</object>
	<object>
		<name>zitrone</name>
		<pose>Unspecified</pose>
		<truncated>0</truncated>
		<difficult>0</difficult>
		<bndbox>
			<xmin>596</xmin>
			<ymin>570</ymin>
			<xmax>748</xmax>
			<ymax>726</ymax>
		</bndbox>
	</object>
	<object>
		<name>kiwi</name>
		<pose>Unspecified</pose>
		<truncated>0</truncated>
		<difficult>0</difficult>
		<bndbox>
			<xmin>15</xmin>
			<ymin>573</ymin>
			<xmax>216</xmax>
			<ymax>710</ymax>
		</bndbox>
	</object>
</annotation>
