<annotation>
	<folder>imagesTeil2</folder>
	<filename>IMG_1309.jpg</filename>
	<path>C:\Users\leons\Downloads\imagesTeil2\IMG_1309.jpg</path>
	<source>
		<database>Unknown</database>
	</source>
	<size>
		<width>768</width>
		<height>1024</height>
		<depth>3</depth>
	</size>
	<segmented>0</segmented>
	<object>
		<name>zitrone</name>
		<pose>Unspecified</pose>
		<truncated>0</truncated>
		<difficult>0</difficult>
		<bndbox>
			<xmin>300</xmin>
			<ymin>446</ymin>
			<xmax>411</xmax>
			<ymax>530</ymax>
		</bndbox>
	</object>
	<object>
		<name>zitrone</name>
		<pose>Unspecified</pose>
		<truncated>0</truncated>
		<difficult>0</difficult>
		<bndbox>
			<xmin>534</xmin>
			<ymin>489</ymin>
			<xmax>720</xmax>
			<ymax>683</ymax>
		</bndbox>
	</object>
	<object>
		<name>passionsfrucht</name>
		<pose>Unspecified</pose>
		<truncated>0</truncated>
		<difficult>0</difficult>
		<bndbox>
			<xmin>424</xmin>
			<ymin>446</ymin>
			<xmax>540</xmax>
			<ymax>562</ymax>
		</bndbox>
	</object>
	<object>
		<name>passionsfrucht</name>
		<pose>Unspecified</pose>
		<truncated>0</truncated>
		<difficult>0</difficult>
		<bndbox>
			<xmin>77</xmin>
			<ymin>482</ymin>
			<xmax>241</xmax>
			<ymax>625</ymax>
		</bndbox>
	</object>
</annotation>
