<annotation>
	<folder>imagesTeil2</folder>
	<filename>IMG_1177.jpg</filename>
	<path>C:\Users\leons\Downloads\imagesTeil2\IMG_1177.jpg</path>
	<source>
		<database>Unknown</database>
	</source>
	<size>
		<width>768</width>
		<height>1024</height>
		<depth>3</depth>
	</size>
	<segmented>0</segmented>
	<object>
		<name>passionsfrucht</name>
		<pose>Unspecified</pose>
		<truncated>0</truncated>
		<difficult>0</difficult>
		<bndbox>
			<xmin>139</xmin>
			<ymin>550</ymin>
			<xmax>260</xmax>
			<ymax>661</ymax>
		</bndbox>
	</object>
	<object>
		<name>kiwi</name>
		<pose>Unspecified</pose>
		<truncated>0</truncated>
		<difficult>0</difficult>
		<bndbox>
			<xmin>410</xmin>
			<ymin>518</ymin>
			<xmax>521</xmax>
			<ymax>592</ymax>
		</bndbox>
	</object>
	<object>
		<name>limette</name>
		<pose>Unspecified</pose>
		<truncated>0</truncated>
		<difficult>0</difficult>
		<bndbox>
			<xmin>542</xmin>
			<ymin>552</ymin>
			<xmax>631</xmax>
			<ymax>628</ymax>
		</bndbox>
	</object>
</annotation>
