<annotation>
	<folder>imagesTeil2</folder>
	<filename>IMG_1130.jpg</filename>
	<path>C:\Users\leons\Downloads\imagesTeil2\IMG_1130.jpg</path>
	<source>
		<database>Unknown</database>
	</source>
	<size>
		<width>768</width>
		<height>1024</height>
		<depth>3</depth>
	</size>
	<segmented>0</segmented>
	<object>
		<name>zwetschge</name>
		<pose>Unspecified</pose>
		<truncated>0</truncated>
		<difficult>0</difficult>
		<bndbox>
			<xmin>270</xmin>
			<ymin>797</ymin>
			<xmax>430</xmax>
			<ymax>941</ymax>
		</bndbox>
	</object>
	<object>
		<name>zwetschge</name>
		<pose>Unspecified</pose>
		<truncated>0</truncated>
		<difficult>0</difficult>
		<bndbox>
			<xmin>633</xmin>
			<ymin>692</ymin>
			<xmax>724</xmax>
			<ymax>781</ymax>
		</bndbox>
	</object>
	<object>
		<name>kiwi</name>
		<pose>Unspecified</pose>
		<truncated>0</truncated>
		<difficult>0</difficult>
		<bndbox>
			<xmin>504</xmin>
			<ymin>589</ymin>
			<xmax>637</xmax>
			<ymax>704</ymax>
		</bndbox>
	</object>
	<object>
		<name>kiwi</name>
		<pose>Unspecified</pose>
		<truncated>0</truncated>
		<difficult>0</difficult>
		<bndbox>
			<xmin>84</xmin>
			<ymin>638</ymin>
			<xmax>239</xmax>
			<ymax>790</ymax>
		</bndbox>
	</object>
</annotation>
