<annotation>
	<folder>imagesTeil2</folder>
	<filename>IMG_1217.jpg</filename>
	<path>C:\Users\leons\Downloads\imagesTeil2\IMG_1217.jpg</path>
	<source>
		<database>Unknown</database>
	</source>
	<size>
		<width>768</width>
		<height>1024</height>
		<depth>3</depth>
	</size>
	<segmented>0</segmented>
	<object>
		<name>zwetschge</name>
		<pose>Unspecified</pose>
		<truncated>0</truncated>
		<difficult>0</difficult>
		<bndbox>
			<xmin>24</xmin>
			<ymin>626</ymin>
			<xmax>157</xmax>
			<ymax>724</ymax>
		</bndbox>
	</object>
	<object>
		<name>zwetschge</name>
		<pose>Unspecified</pose>
		<truncated>0</truncated>
		<difficult>0</difficult>
		<bndbox>
			<xmin>263</xmin>
			<ymin>519</ymin>
			<xmax>325</xmax>
			<ymax>582</ymax>
		</bndbox>
	</object>
	<object>
		<name>limette</name>
		<pose>Unspecified</pose>
		<truncated>0</truncated>
		<difficult>0</difficult>
		<bndbox>
			<xmin>513</xmin>
			<ymin>582</ymin>
			<xmax>651</xmax>
			<ymax>712</ymax>
		</bndbox>
	</object>
	<object>
		<name>kiwi</name>
		<pose>Unspecified</pose>
		<truncated>0</truncated>
		<difficult>0</difficult>
		<bndbox>
			<xmin>455</xmin>
			<ymin>477</ymin>
			<xmax>567</xmax>
			<ymax>556</ymax>
		</bndbox>
	</object>
</annotation>
