<annotation>
	<folder>imagesTeil2</folder>
	<filename>IMG_1212.jpg</filename>
	<path>C:\Users\leons\Downloads\imagesTeil2\IMG_1212.jpg</path>
	<source>
		<database>Unknown</database>
	</source>
	<size>
		<width>768</width>
		<height>1024</height>
		<depth>3</depth>
	</size>
	<segmented>0</segmented>
	<object>
		<name>zitrone</name>
		<pose>Unspecified</pose>
		<truncated>0</truncated>
		<difficult>0</difficult>
		<bndbox>
			<xmin>54</xmin>
			<ymin>490</ymin>
			<xmax>263</xmax>
			<ymax>677</ymax>
		</bndbox>
	</object>
	<object>
		<name>passionsfrucht</name>
		<pose>Unspecified</pose>
		<truncated>0</truncated>
		<difficult>0</difficult>
		<bndbox>
			<xmin>623</xmin>
			<ymin>467</ymin>
			<xmax>762</xmax>
			<ymax>600</ymax>
		</bndbox>
	</object>
	<object>
		<name>zitrone</name>
		<pose>Unspecified</pose>
		<truncated>0</truncated>
		<difficult>0</difficult>
		<bndbox>
			<xmin>352</xmin>
			<ymin>404</ymin>
			<xmax>436</xmax>
			<ymax>473</ymax>
		</bndbox>
	</object>
	<object>
		<name>limette</name>
		<pose>Unspecified</pose>
		<truncated>0</truncated>
		<difficult>0</difficult>
		<bndbox>
			<xmin>248</xmin>
			<ymin>440</ymin>
			<xmax>334</xmax>
			<ymax>516</ymax>
		</bndbox>
	</object>
</annotation>
