<annotation>
	<folder>imagesTeil2</folder>
	<filename>IMG_1338.jpg</filename>
	<path>C:\Users\leons\Downloads\imagesTeil2\IMG_1338.jpg</path>
	<source>
		<database>Unknown</database>
	</source>
	<size>
		<width>768</width>
		<height>1024</height>
		<depth>3</depth>
	</size>
	<segmented>0</segmented>
	<object>
		<name>passionsfrucht</name>
		<pose>Unspecified</pose>
		<truncated>0</truncated>
		<difficult>0</difficult>
		<bndbox>
			<xmin>521</xmin>
			<ymin>508</ymin>
			<xmax>655</xmax>
			<ymax>650</ymax>
		</bndbox>
	</object>
	<object>
		<name>passionsfrucht</name>
		<pose>Unspecified</pose>
		<truncated>0</truncated>
		<difficult>0</difficult>
		<bndbox>
			<xmin>202</xmin>
			<ymin>262</ymin>
			<xmax>319</xmax>
			<ymax>395</ymax>
		</bndbox>
	</object>
	<object>
		<name>zitrone</name>
		<pose>Unspecified</pose>
		<truncated>0</truncated>
		<difficult>0</difficult>
		<bndbox>
			<xmin>283</xmin>
			<ymin>116</ymin>
			<xmax>409</xmax>
			<ymax>235</ymax>
		</bndbox>
	</object>
	<object>
		<name>zwetschge</name>
		<pose>Unspecified</pose>
		<truncated>0</truncated>
		<difficult>0</difficult>
		<bndbox>
			<xmin>299</xmin>
			<ymin>629</ymin>
			<xmax>385</xmax>
			<ymax>707</ymax>
		</bndbox>
	</object>
</annotation>
