<annotation>
	<folder>imagesTeil2</folder>
	<filename>IMG_1250.jpg</filename>
	<path>C:\Users\leons\Downloads\imagesTeil2\IMG_1250.jpg</path>
	<source>
		<database>Unknown</database>
	</source>
	<size>
		<width>768</width>
		<height>1024</height>
		<depth>3</depth>
	</size>
	<segmented>0</segmented>
	<object>
		<name>kiwi</name>
		<pose>Unspecified</pose>
		<truncated>1</truncated>
		<difficult>0</difficult>
		<bndbox>
			<xmin>612</xmin>
			<ymin>522</ymin>
			<xmax>768</xmax>
			<ymax>627</ymax>
		</bndbox>
	</object>
	<object>
		<name>kiwi</name>
		<pose>Unspecified</pose>
		<truncated>0</truncated>
		<difficult>0</difficult>
		<bndbox>
			<xmin>20</xmin>
			<ymin>611</ymin>
			<xmax>333</xmax>
			<ymax>845</ymax>
		</bndbox>
	</object>
	<object>
		<name>zitrone</name>
		<pose>Unspecified</pose>
		<truncated>0</truncated>
		<difficult>0</difficult>
		<bndbox>
			<xmin>73</xmin>
			<ymin>523</ymin>
			<xmax>199</xmax>
			<ymax>620</ymax>
		</bndbox>
	</object>
	<object>
		<name>zitrone</name>
		<pose>Unspecified</pose>
		<truncated>0</truncated>
		<difficult>0</difficult>
		<bndbox>
			<xmin>361</xmin>
			<ymin>504</ymin>
			<xmax>477</xmax>
			<ymax>615</ymax>
		</bndbox>
	</object>
</annotation>
