<annotation>
	<folder>imagesTeil2</folder>
	<filename>IMG_1167.jpg</filename>
	<path>C:\Users\leons\Downloads\imagesTeil2\IMG_1167.jpg</path>
	<source>
		<database>Unknown</database>
	</source>
	<size>
		<width>768</width>
		<height>1024</height>
		<depth>3</depth>
	</size>
	<segmented>0</segmented>
	<object>
		<name>limette</name>
		<pose>Unspecified</pose>
		<truncated>0</truncated>
		<difficult>0</difficult>
		<bndbox>
			<xmin>625</xmin>
			<ymin>661</ymin>
			<xmax>754</xmax>
			<ymax>772</ymax>
		</bndbox>
	</object>
	<object>
		<name>zitrone</name>
		<pose>Unspecified</pose>
		<truncated>0</truncated>
		<difficult>0</difficult>
		<bndbox>
			<xmin>355</xmin>
			<ymin>597</ymin>
			<xmax>503</xmax>
			<ymax>716</ymax>
		</bndbox>
	</object>
	<object>
		<name>passionsfrucht</name>
		<pose>Unspecified</pose>
		<truncated>0</truncated>
		<difficult>0</difficult>
		<bndbox>
			<xmin>159</xmin>
			<ymin>572</ymin>
			<xmax>284</xmax>
			<ymax>686</ymax>
		</bndbox>
	</object>
	<object>
		<name>zwetschge</name>
		<pose>Unspecified</pose>
		<truncated>0</truncated>
		<difficult>0</difficult>
		<bndbox>
			<xmin>95</xmin>
			<ymin>716</ymin>
			<xmax>232</xmax>
			<ymax>820</ymax>
		</bndbox>
	</object>
</annotation>
