<annotation>
	<folder>imagesTeil2</folder>
	<filename>IMG_1141.jpg</filename>
	<path>C:\Users\leons\Downloads\imagesTeil2\IMG_1141.jpg</path>
	<source>
		<database>Unknown</database>
	</source>
	<size>
		<width>768</width>
		<height>1024</height>
		<depth>3</depth>
	</size>
	<segmented>0</segmented>
	<object>
		<name>zitrone</name>
		<pose>Unspecified</pose>
		<truncated>0</truncated>
		<difficult>0</difficult>
		<bndbox>
			<xmin>565</xmin>
			<ymin>636</ymin>
			<xmax>763</xmax>
			<ymax>829</ymax>
		</bndbox>
	</object>
	<object>
		<name>passionsfrucht</name>
		<pose>Unspecified</pose>
		<truncated>0</truncated>
		<difficult>0</difficult>
		<bndbox>
			<xmin>388</xmin>
			<ymin>595</ymin>
			<xmax>514</xmax>
			<ymax>713</ymax>
		</bndbox>
	</object>
	<object>
		<name>zwetschge</name>
		<pose>Unspecified</pose>
		<truncated>0</truncated>
		<difficult>0</difficult>
		<bndbox>
			<xmin>77</xmin>
			<ymin>708</ymin>
			<xmax>181</xmax>
			<ymax>803</ymax>
		</bndbox>
	</object>
	<object>
		<name>kiwi</name>
		<pose>Unspecified</pose>
		<truncated>0</truncated>
		<difficult>0</difficult>
		<bndbox>
			<xmin>188</xmin>
			<ymin>596</ymin>
			<xmax>335</xmax>
			<ymax>696</ymax>
		</bndbox>
	</object>
</annotation>
