<annotation>
	<folder>imagesTeil2</folder>
	<filename>IMG_1183.jpg</filename>
	<path>C:\Users\leons\Downloads\imagesTeil2\IMG_1183.jpg</path>
	<source>
		<database>Unknown</database>
	</source>
	<size>
		<width>768</width>
		<height>1024</height>
		<depth>3</depth>
	</size>
	<segmented>0</segmented>
	<object>
		<name>zitrone</name>
		<pose>Unspecified</pose>
		<truncated>0</truncated>
		<difficult>0</difficult>
		<bndbox>
			<xmin>161</xmin>
			<ymin>635</ymin>
			<xmax>329</xmax>
			<ymax>811</ymax>
		</bndbox>
	</object>
	<object>
		<name>zitrone</name>
		<pose>Unspecified</pose>
		<truncated>0</truncated>
		<difficult>0</difficult>
		<bndbox>
			<xmin>360</xmin>
			<ymin>542</ymin>
			<xmax>502</xmax>
			<ymax>653</ymax>
		</bndbox>
	</object>
	<object>
		<name>limette</name>
		<pose>Unspecified</pose>
		<truncated>0</truncated>
		<difficult>0</difficult>
		<bndbox>
			<xmin>74</xmin>
			<ymin>581</ymin>
			<xmax>188</xmax>
			<ymax>682</ymax>
		</bndbox>
	</object>
</annotation>
