<annotation>
	<folder>imagesTeil2</folder>
	<filename>IMG_1158.jpg</filename>
	<path>C:\Users\leons\Downloads\imagesTeil2\IMG_1158.jpg</path>
	<source>
		<database>Unknown</database>
	</source>
	<size>
		<width>768</width>
		<height>1024</height>
		<depth>3</depth>
	</size>
	<segmented>0</segmented>
	<object>
		<name>passionsfrucht</name>
		<pose>Unspecified</pose>
		<truncated>0</truncated>
		<difficult>0</difficult>
		<bndbox>
			<xmin>198</xmin>
			<ymin>549</ymin>
			<xmax>311</xmax>
			<ymax>648</ymax>
		</bndbox>
	</object>
	<object>
		<name>passionsfrucht</name>
		<pose>Unspecified</pose>
		<truncated>0</truncated>
		<difficult>0</difficult>
		<bndbox>
			<xmin>512</xmin>
			<ymin>545</ymin>
			<xmax>615</xmax>
			<ymax>645</ymax>
		</bndbox>
	</object>
	<object>
		<name>zitrone</name>
		<pose>Unspecified</pose>
		<truncated>0</truncated>
		<difficult>0</difficult>
		<bndbox>
			<xmin>362</xmin>
			<ymin>582</ymin>
			<xmax>481</xmax>
			<ymax>694</ymax>
		</bndbox>
	</object>
</annotation>
