<annotation>
	<folder>imagesTeil2</folder>
	<filename>IMG_1224.jpg</filename>
	<path>C:\Users\leons\Downloads\imagesTeil2\IMG_1224.jpg</path>
	<source>
		<database>Unknown</database>
	</source>
	<size>
		<width>768</width>
		<height>1024</height>
		<depth>3</depth>
	</size>
	<segmented>0</segmented>
	<object>
		<name>passionsfrucht</name>
		<pose>Unspecified</pose>
		<truncated>0</truncated>
		<difficult>0</difficult>
		<bndbox>
			<xmin>260</xmin>
			<ymin>545</ymin>
			<xmax>360</xmax>
			<ymax>646</ymax>
		</bndbox>
	</object>
	<object>
		<name>limette</name>
		<pose>Unspecified</pose>
		<truncated>0</truncated>
		<difficult>0</difficult>
		<bndbox>
			<xmin>398</xmin>
			<ymin>628</ymin>
			<xmax>517</xmax>
			<ymax>740</ymax>
		</bndbox>
	</object>
	<object>
		<name>zitrone</name>
		<pose>Unspecified</pose>
		<truncated>0</truncated>
		<difficult>0</difficult>
		<bndbox>
			<xmin>601</xmin>
			<ymin>583</ymin>
			<xmax>742</xmax>
			<ymax>701</ymax>
		</bndbox>
	</object>
	<object>
		<name>zitrone</name>
		<pose>Unspecified</pose>
		<truncated>1</truncated>
		<difficult>0</difficult>
		<bndbox>
			<xmin>1</xmin>
			<ymin>622</ymin>
			<xmax>213</xmax>
			<ymax>796</ymax>
		</bndbox>
	</object>
</annotation>
