<annotation>
	<folder>imagesTeil2</folder>
	<filename>IMG_1089.jpg</filename>
	<path>C:\Users\leons\Downloads\imagesTeil2\IMG_1089.jpg</path>
	<source>
		<database>Unknown</database>
	</source>
	<size>
		<width>768</width>
		<height>1024</height>
		<depth>3</depth>
	</size>
	<segmented>0</segmented>
	<object>
		<name>zwetschge</name>
		<pose>Unspecified</pose>
		<truncated>0</truncated>
		<difficult>0</difficult>
		<bndbox>
			<xmin>496</xmin>
			<ymin>677</ymin>
			<xmax>598</xmax>
			<ymax>756</ymax>
		</bndbox>
	</object>
	<object>
		<name>passionsfrucht</name>
		<pose>Unspecified</pose>
		<truncated>0</truncated>
		<difficult>0</difficult>
		<bndbox>
			<xmin>351</xmin>
			<ymin>560</ymin>
			<xmax>439</xmax>
			<ymax>645</ymax>
		</bndbox>
	</object>
	<object>
		<name>limette</name>
		<pose>Unspecified</pose>
		<truncated>0</truncated>
		<difficult>0</difficult>
		<bndbox>
			<xmin>234</xmin>
			<ymin>604</ymin>
			<xmax>341</xmax>
			<ymax>701</ymax>
		</bndbox>
	</object>
	<object>
		<name>zitrone</name>
		<pose>Unspecified</pose>
		<truncated>0</truncated>
		<difficult>0</difficult>
		<bndbox>
			<xmin>55</xmin>
			<ymin>613</ymin>
			<xmax>214</xmax>
			<ymax>768</ymax>
		</bndbox>
	</object>
</annotation>
