<annotation>
	<folder>imagesTeil2</folder>
	<filename>IMG_1073.jpg</filename>
	<path>C:\Users\leons\Downloads\imagesTeil2\IMG_1073.jpg</path>
	<source>
		<database>Unknown</database>
	</source>
	<size>
		<width>768</width>
		<height>1024</height>
		<depth>3</depth>
	</size>
	<segmented>0</segmented>
	<object>
		<name>passionsfrucht</name>
		<pose>Unspecified</pose>
		<truncated>0</truncated>
		<difficult>0</difficult>
		<bndbox>
			<xmin>51</xmin>
			<ymin>556</ymin>
			<xmax>254</xmax>
			<ymax>742</ymax>
		</bndbox>
	</object>
	<object>
		<name>passionsfrucht</name>
		<pose>Unspecified</pose>
		<truncated>0</truncated>
		<difficult>0</difficult>
		<bndbox>
			<xmin>378</xmin>
			<ymin>462</ymin>
			<xmax>485</xmax>
			<ymax>563</ymax>
		</bndbox>
	</object>
	<object>
		<name>zitrone</name>
		<pose>Unspecified</pose>
		<truncated>0</truncated>
		<difficult>0</difficult>
		<bndbox>
			<xmin>481</xmin>
			<ymin>530</ymin>
			<xmax>617</xmax>
			<ymax>668</ymax>
		</bndbox>
	</object>
	<object>
		<name>limette</name>
		<pose>Unspecified</pose>
		<truncated>0</truncated>
		<difficult>0</difficult>
		<bndbox>
			<xmin>228</xmin>
			<ymin>511</ymin>
			<xmax>341</xmax>
			<ymax>614</ymax>
		</bndbox>
	</object>
</annotation>
