<annotation>
	<folder>imagesTeil2</folder>
	<filename>IMG_1125.jpg</filename>
	<path>C:\Users\leons\Downloads\imagesTeil2\IMG_1125.jpg</path>
	<source>
		<database>Unknown</database>
	</source>
	<size>
		<width>768</width>
		<height>1024</height>
		<depth>3</depth>
	</size>
	<segmented>0</segmented>
	<object>
		<name>limette</name>
		<pose>Unspecified</pose>
		<truncated>0</truncated>
		<difficult>0</difficult>
		<bndbox>
			<xmin>39</xmin>
			<ymin>723</ymin>
			<xmax>288</xmax>
			<ymax>965</ymax>
		</bndbox>
	</object>
	<object>
		<name>limette</name>
		<pose>Unspecified</pose>
		<truncated>0</truncated>
		<difficult>0</difficult>
		<bndbox>
			<xmin>295</xmin>
			<ymin>554</ymin>
			<xmax>403</xmax>
			<ymax>650</ymax>
		</bndbox>
	</object>
	<object>
		<name>zitrone</name>
		<pose>Unspecified</pose>
		<truncated>0</truncated>
		<difficult>0</difficult>
		<bndbox>
			<xmin>64</xmin>
			<ymin>554</ymin>
			<xmax>216</xmax>
			<ymax>680</ymax>
		</bndbox>
	</object>
	<object>
		<name>passionsfrucht</name>
		<pose>Unspecified</pose>
		<truncated>0</truncated>
		<difficult>0</difficult>
		<bndbox>
			<xmin>565</xmin>
			<ymin>522</ymin>
			<xmax>700</xmax>
			<ymax>641</ymax>
		</bndbox>
	</object>
</annotation>
