<annotation>
	<folder>imagesTeil2</folder>
	<filename>IMG_1121.jpg</filename>
	<path>C:\Users\leons\Downloads\imagesTeil2\IMG_1121.jpg</path>
	<source>
		<database>Unknown</database>
	</source>
	<size>
		<width>768</width>
		<height>1024</height>
		<depth>3</depth>
	</size>
	<segmented>0</segmented>
	<object>
		<name>limette</name>
		<pose>Unspecified</pose>
		<truncated>0</truncated>
		<difficult>0</difficult>
		<bndbox>
			<xmin>174</xmin>
			<ymin>733</ymin>
			<xmax>394</xmax>
			<ymax>949</ymax>
		</bndbox>
	</object>
	<object>
		<name>zitrone</name>
		<pose>Unspecified</pose>
		<truncated>0</truncated>
		<difficult>0</difficult>
		<bndbox>
			<xmin>143</xmin>
			<ymin>605</ymin>
			<xmax>290</xmax>
			<ymax>739</ymax>
		</bndbox>
	</object>
	<object>
		<name>passionsfrucht</name>
		<pose>Unspecified</pose>
		<truncated>0</truncated>
		<difficult>0</difficult>
		<bndbox>
			<xmin>489</xmin>
			<ymin>565</ymin>
			<xmax>619</xmax>
			<ymax>684</ymax>
		</bndbox>
	</object>
	<object>
		<name>passionsfrucht</name>
		<pose>Unspecified</pose>
		<truncated>0</truncated>
		<difficult>0</difficult>
		<bndbox>
			<xmin>325</xmin>
			<ymin>553</ymin>
			<xmax>431</xmax>
			<ymax>659</ymax>
		</bndbox>
	</object>
</annotation>
