<annotation>
	<folder>imagesTeil2</folder>
	<filename>IMG_1085.jpg</filename>
	<path>C:\Users\leons\Downloads\imagesTeil2\IMG_1085.jpg</path>
	<source>
		<database>Unknown</database>
	</source>
	<size>
		<width>768</width>
		<height>1024</height>
		<depth>3</depth>
	</size>
	<segmented>0</segmented>
	<object>
		<name>limette</name>
		<pose>Unspecified</pose>
		<truncated>0</truncated>
		<difficult>0</difficult>
		<bndbox>
			<xmin>105</xmin>
			<ymin>532</ymin>
			<xmax>195</xmax>
			<ymax>614</ymax>
		</bndbox>
	</object>
	<object>
		<name>zitrone</name>
		<pose>Unspecified</pose>
		<truncated>0</truncated>
		<difficult>0</difficult>
		<bndbox>
			<xmin>467</xmin>
			<ymin>591</ymin>
			<xmax>623</xmax>
			<ymax>742</ymax>
		</bndbox>
	</object>
	<object>
		<name>passionsfrucht</name>
		<pose>Unspecified</pose>
		<truncated>0</truncated>
		<difficult>0</difficult>
		<bndbox>
			<xmin>296</xmin>
			<ymin>536</ymin>
			<xmax>419</xmax>
			<ymax>654</ymax>
		</bndbox>
	</object>
	<object>
		<name>zwetschge</name>
		<pose>Unspecified</pose>
		<truncated>0</truncated>
		<difficult>0</difficult>
		<bndbox>
			<xmin>168</xmin>
			<ymin>601</ymin>
			<xmax>260</xmax>
			<ymax>672</ymax>
		</bndbox>
	</object>
</annotation>
