<annotation>
	<folder>imagesTeil2</folder>
	<filename>IMG_1151.jpg</filename>
	<path>C:\Users\leons\Downloads\imagesTeil2\IMG_1151.jpg</path>
	<source>
		<database>Unknown</database>
	</source>
	<size>
		<width>768</width>
		<height>1024</height>
		<depth>3</depth>
	</size>
	<segmented>0</segmented>
	<object>
		<name>kiwi</name>
		<pose>Unspecified</pose>
		<truncated>0</truncated>
		<difficult>0</difficult>
		<bndbox>
			<xmin>79</xmin>
			<ymin>559</ymin>
			<xmax>265</xmax>
			<ymax>707</ymax>
		</bndbox>
	</object>
	<object>
		<name>kiwi</name>
		<pose>Unspecified</pose>
		<truncated>0</truncated>
		<difficult>0</difficult>
		<bndbox>
			<xmin>614</xmin>
			<ymin>541</ymin>
			<xmax>725</xmax>
			<ymax>650</ymax>
		</bndbox>
	</object>
	<object>
		<name>passionsfrucht</name>
		<pose>Unspecified</pose>
		<truncated>0</truncated>
		<difficult>0</difficult>
		<bndbox>
			<xmin>274</xmin>
			<ymin>515</ymin>
			<xmax>367</xmax>
			<ymax>605</ymax>
		</bndbox>
	</object>
</annotation>
