<annotation>
	<folder>imagesTeil2</folder>
	<filename>IMG_1069.jpg</filename>
	<path>C:\Users\leons\Downloads\imagesTeil2\IMG_1069.jpg</path>
	<source>
		<database>Unknown</database>
	</source>
	<size>
		<width>768</width>
		<height>1024</height>
		<depth>3</depth>
	</size>
	<segmented>0</segmented>
	<object>
		<name>zwetschge</name>
		<pose>Unspecified</pose>
		<truncated>0</truncated>
		<difficult>0</difficult>
		<bndbox>
			<xmin>528</xmin>
			<ymin>708</ymin>
			<xmax>673</xmax>
			<ymax>818</ymax>
		</bndbox>
	</object>
	<object>
		<name>kiwi</name>
		<pose>Unspecified</pose>
		<truncated>0</truncated>
		<difficult>0</difficult>
		<bndbox>
			<xmin>126</xmin>
			<ymin>527</ymin>
			<xmax>284</xmax>
			<ymax>631</ymax>
		</bndbox>
	</object>
	<object>
		<name>zitrone</name>
		<pose>Unspecified</pose>
		<truncated>0</truncated>
		<difficult>0</difficult>
		<bndbox>
			<xmin>241</xmin>
			<ymin>585</ymin>
			<xmax>430</xmax>
			<ymax>750</ymax>
		</bndbox>
	</object>
	<object>
		<name>limette</name>
		<pose>Unspecified</pose>
		<truncated>0</truncated>
		<difficult>0</difficult>
		<bndbox>
			<xmin>428</xmin>
			<ymin>540</ymin>
			<xmax>569</xmax>
			<ymax>669</ymax>
		</bndbox>
	</object>
</annotation>
