<annotation>
	<folder>imagesTeil2</folder>
	<filename>IMG_1107.jpg</filename>
	<path>C:\Users\leons\Downloads\imagesTeil2\IMG_1107.jpg</path>
	<source>
		<database>Unknown</database>
	</source>
	<size>
		<width>768</width>
		<height>1024</height>
		<depth>3</depth>
	</size>
	<segmented>0</segmented>
	<object>
		<name>limette</name>
		<pose>Unspecified</pose>
		<truncated>0</truncated>
		<difficult>0</difficult>
		<bndbox>
			<xmin>115</xmin>
			<ymin>653</ymin>
			<xmax>282</xmax>
			<ymax>807</ymax>
		</bndbox>
	</object>
	<object>
		<name>kiwi</name>
		<pose>Unspecified</pose>
		<truncated>0</truncated>
		<difficult>0</difficult>
		<bndbox>
			<xmin>512</xmin>
			<ymin>605</ymin>
			<xmax>679</xmax>
			<ymax>751</ymax>
		</bndbox>
	</object>
	<object>
		<name>kiwi</name>
		<pose>Unspecified</pose>
		<truncated>0</truncated>
		<difficult>0</difficult>
		<bndbox>
			<xmin>86</xmin>
			<ymin>551</ymin>
			<xmax>253</xmax>
			<ymax>662</ymax>
		</bndbox>
	</object>
	<object>
		<name>zitrone</name>
		<pose>Unspecified</pose>
		<truncated>0</truncated>
		<difficult>0</difficult>
		<bndbox>
			<xmin>385</xmin>
			<ymin>548</ymin>
			<xmax>533</xmax>
			<ymax>660</ymax>
		</bndbox>
	</object>
</annotation>
