<annotation>
	<folder>imagesTeil1</folder>
	<filename>IMG_0952.jpg</filename>
	<path>C:\Projekte\MaturaPiCar\MachineLearning\ImagesMatura23\imagesGesplitted\imagesTeil1\IMG_0952.jpg</path>
	<source>
		<database>Unknown</database>
	</source>
	<size>
		<width>1024</width>
		<height>768</height>
		<depth>3</depth>
	</size>
	<segmented>0</segmented>
	<object>
		<name>kiwi</name>
		<pose>Unspecified</pose>
		<truncated>0</truncated>
		<difficult>0</difficult>
		<bndbox>
			<xmin>397</xmin>
			<ymin>190</ymin>
			<xmax>579</xmax>
			<ymax>322</ymax>
		</bndbox>
	</object>
	<object>
		<name>passionsfrucht</name>
		<pose>Unspecified</pose>
		<truncated>0</truncated>
		<difficult>0</difficult>
		<bndbox>
			<xmin>393</xmin>
			<ymin>498</ymin>
			<xmax>539</xmax>
			<ymax>635</ymax>
		</bndbox>
	</object>
	<object>
		<name>zwetschge</name>
		<pose>Unspecified</pose>
		<truncated>0</truncated>
		<difficult>0</difficult>
		<bndbox>
			<xmin>208</xmin>
			<ymin>83</ymin>
			<xmax>288</xmax>
			<ymax>183</ymax>
		</bndbox>
	</object>
	<object>
		<name>zitrone</name>
		<pose>Unspecified</pose>
		<truncated>0</truncated>
		<difficult>0</difficult>
		<bndbox>
			<xmin>165</xmin>
			<ymin>334</ymin>
			<xmax>329</xmax>
			<ymax>458</ymax>
		</bndbox>
	</object>
	<object>
		<name>limette</name>
		<pose>Unspecified</pose>
		<truncated>0</truncated>
		<difficult>0</difficult>
		<bndbox>
			<xmin>104</xmin>
			<ymin>596</ymin>
			<xmax>230</xmax>
			<ymax>723</ymax>
		</bndbox>
	</object>
</annotation>
