<annotation>
	<folder>imagesTeil2</folder>
	<filename>IMG_1205.jpg</filename>
	<path>C:\Users\leons\Downloads\imagesTeil2\IMG_1205.jpg</path>
	<source>
		<database>Unknown</database>
	</source>
	<size>
		<width>768</width>
		<height>1024</height>
		<depth>3</depth>
	</size>
	<segmented>0</segmented>
	<object>
		<name>zwetschge</name>
		<pose>Unspecified</pose>
		<truncated>0</truncated>
		<difficult>0</difficult>
		<bndbox>
			<xmin>229</xmin>
			<ymin>670</ymin>
			<xmax>357</xmax>
			<ymax>823</ymax>
		</bndbox>
	</object>
	<object>
		<name>kiwi</name>
		<pose>Unspecified</pose>
		<truncated>1</truncated>
		<difficult>0</difficult>
		<bndbox>
			<xmin>550</xmin>
			<ymin>547</ymin>
			<xmax>768</xmax>
			<ymax>719</ymax>
		</bndbox>
	</object>
	<object>
		<name>zitrone</name>
		<pose>Unspecified</pose>
		<truncated>0</truncated>
		<difficult>0</difficult>
		<bndbox>
			<xmin>275</xmin>
			<ymin>477</ymin>
			<xmax>380</xmax>
			<ymax>576</ymax>
		</bndbox>
	</object>
	<object>
		<name>zitrone</name>
		<pose>Unspecified</pose>
		<truncated>0</truncated>
		<difficult>0</difficult>
		<bndbox>
			<xmin>74</xmin>
			<ymin>431</ymin>
			<xmax>184</xmax>
			<ymax>530</ymax>
		</bndbox>
	</object>
</annotation>
