<annotation>
	<folder>imagesTeil2</folder>
	<filename>IMG_1168.jpg</filename>
	<path>C:\Users\leons\Downloads\imagesTeil2\IMG_1168.jpg</path>
	<source>
		<database>Unknown</database>
	</source>
	<size>
		<width>768</width>
		<height>1024</height>
		<depth>3</depth>
	</size>
	<segmented>0</segmented>
	<object>
		<name>limette</name>
		<pose>Unspecified</pose>
		<truncated>0</truncated>
		<difficult>0</difficult>
		<bndbox>
			<xmin>568</xmin>
			<ymin>616</ymin>
			<xmax>679</xmax>
			<ymax>713</ymax>
		</bndbox>
	</object>
	<object>
		<name>limette</name>
		<pose>Unspecified</pose>
		<truncated>0</truncated>
		<difficult>0</difficult>
		<bndbox>
			<xmin>358</xmin>
			<ymin>573</ymin>
			<xmax>452</xmax>
			<ymax>663</ymax>
		</bndbox>
	</object>
	<object>
		<name>passionsfrucht</name>
		<pose>Unspecified</pose>
		<truncated>0</truncated>
		<difficult>0</difficult>
		<bndbox>
			<xmin>124</xmin>
			<ymin>549</ymin>
			<xmax>244</xmax>
			<ymax>658</ymax>
		</bndbox>
	</object>
	<object>
		<name>zwetschge</name>
		<pose>Unspecified</pose>
		<truncated>0</truncated>
		<difficult>0</difficult>
		<bndbox>
			<xmin>104</xmin>
			<ymin>677</ymin>
			<xmax>235</xmax>
			<ymax>772</ymax>
		</bndbox>
	</object>
</annotation>
