<annotation>
	<folder>imagesTeil2</folder>
	<filename>IMG_1206.jpg</filename>
	<path>C:\Users\leons\Downloads\imagesTeil2\IMG_1206.jpg</path>
	<source>
		<database>Unknown</database>
	</source>
	<size>
		<width>768</width>
		<height>1024</height>
		<depth>3</depth>
	</size>
	<segmented>0</segmented>
	<object>
		<name>zwetschge</name>
		<pose>Unspecified</pose>
		<truncated>0</truncated>
		<difficult>0</difficult>
		<bndbox>
			<xmin>269</xmin>
			<ymin>654</ymin>
			<xmax>390</xmax>
			<ymax>792</ymax>
		</bndbox>
	</object>
	<object>
		<name>passionsfrucht</name>
		<pose>Unspecified</pose>
		<truncated>0</truncated>
		<difficult>0</difficult>
		<bndbox>
			<xmin>506</xmin>
			<ymin>513</ymin>
			<xmax>677</xmax>
			<ymax>670</ymax>
		</bndbox>
	</object>
	<object>
		<name>kiwi</name>
		<pose>Unspecified</pose>
		<truncated>0</truncated>
		<difficult>0</difficult>
		<bndbox>
			<xmin>266</xmin>
			<ymin>434</ymin>
			<xmax>382</xmax>
			<ymax>546</ymax>
		</bndbox>
	</object>
	<object>
		<name>passionsfrucht</name>
		<pose>Unspecified</pose>
		<truncated>0</truncated>
		<difficult>0</difficult>
		<bndbox>
			<xmin>71</xmin>
			<ymin>407</ymin>
			<xmax>186</xmax>
			<ymax>513</ymax>
		</bndbox>
	</object>
</annotation>
