<annotation>
	<folder>imagesTeil2</folder>
	<filename>IMG_1182.jpg</filename>
	<path>C:\Users\leons\Downloads\imagesTeil2\IMG_1182.jpg</path>
	<source>
		<database>Unknown</database>
	</source>
	<size>
		<width>768</width>
		<height>1024</height>
		<depth>3</depth>
	</size>
	<segmented>0</segmented>
	<object>
		<name>zwetschge</name>
		<pose>Unspecified</pose>
		<truncated>0</truncated>
		<difficult>0</difficult>
		<bndbox>
			<xmin>66</xmin>
			<ymin>701</ymin>
			<xmax>192</xmax>
			<ymax>810</ymax>
		</bndbox>
	</object>
	<object>
		<name>zitrone</name>
		<pose>Unspecified</pose>
		<truncated>0</truncated>
		<difficult>0</difficult>
		<bndbox>
			<xmin>329</xmin>
			<ymin>563</ymin>
			<xmax>476</xmax>
			<ymax>678</ymax>
		</bndbox>
	</object>
	<object>
		<name>limette</name>
		<pose>Unspecified</pose>
		<truncated>0</truncated>
		<difficult>0</difficult>
		<bndbox>
			<xmin>39</xmin>
			<ymin>605</ymin>
			<xmax>153</xmax>
			<ymax>707</ymax>
		</bndbox>
	</object>
</annotation>
