<annotation>
	<folder>imagesTeil2</folder>
	<filename>IMG_1341.jpg</filename>
	<path>C:\Users\leons\Downloads\imagesTeil2\IMG_1341.jpg</path>
	<source>
		<database>Unknown</database>
	</source>
	<size>
		<width>768</width>
		<height>1024</height>
		<depth>3</depth>
	</size>
	<segmented>0</segmented>
	<object>
		<name>passionsfrucht</name>
		<pose>Unspecified</pose>
		<truncated>0</truncated>
		<difficult>0</difficult>
		<bndbox>
			<xmin>578</xmin>
			<ymin>506</ymin>
			<xmax>741</xmax>
			<ymax>671</ymax>
		</bndbox>
	</object>
	<object>
		<name>zwetschge</name>
		<pose>Unspecified</pose>
		<truncated>0</truncated>
		<difficult>0</difficult>
		<bndbox>
			<xmin>432</xmin>
			<ymin>676</ymin>
			<xmax>538</xmax>
			<ymax>766</ymax>
		</bndbox>
	</object>
	<object>
		<name>limette</name>
		<pose>Unspecified</pose>
		<truncated>0</truncated>
		<difficult>0</difficult>
		<bndbox>
			<xmin>232</xmin>
			<ymin>451</ymin>
			<xmax>372</xmax>
			<ymax>569</ymax>
		</bndbox>
	</object>
	<object>
		<name>limette</name>
		<pose>Unspecified</pose>
		<truncated>0</truncated>
		<difficult>0</difficult>
		<bndbox>
			<xmin>209</xmin>
			<ymin>126</ymin>
			<xmax>326</xmax>
			<ymax>241</ymax>
		</bndbox>
	</object>
</annotation>
