<annotation>
	<folder>imagesTeil2</folder>
	<filename>IMG_1092.jpg</filename>
	<path>C:\Users\leons\Downloads\imagesTeil2\IMG_1092.jpg</path>
	<source>
		<database>Unknown</database>
	</source>
	<size>
		<width>768</width>
		<height>1024</height>
		<depth>3</depth>
	</size>
	<segmented>0</segmented>
	<object>
		<name>zwetschge</name>
		<pose>Unspecified</pose>
		<truncated>0</truncated>
		<difficult>0</difficult>
		<bndbox>
			<xmin>72</xmin>
			<ymin>645</ymin>
			<xmax>160</xmax>
			<ymax>737</ymax>
		</bndbox>
	</object>
	<object>
		<name>zitrone</name>
		<pose>Unspecified</pose>
		<truncated>0</truncated>
		<difficult>0</difficult>
		<bndbox>
			<xmin>235</xmin>
			<ymin>548</ymin>
			<xmax>391</xmax>
			<ymax>666</ymax>
		</bndbox>
	</object>
	<object>
		<name>passionsfrucht</name>
		<pose>Unspecified</pose>
		<truncated>0</truncated>
		<difficult>0</difficult>
		<bndbox>
			<xmin>435</xmin>
			<ymin>529</ymin>
			<xmax>530</xmax>
			<ymax>621</ymax>
		</bndbox>
	</object>
	<object>
		<name>passionsfrucht</name>
		<pose>Unspecified</pose>
		<truncated>0</truncated>
		<difficult>0</difficult>
		<bndbox>
			<xmin>595</xmin>
			<ymin>549</ymin>
			<xmax>719</xmax>
			<ymax>666</ymax>
		</bndbox>
	</object>
</annotation>
