<annotation>
	<folder>imagesTeil2</folder>
	<filename>IMG_1071.jpg</filename>
	<path>C:\Users\leons\Downloads\imagesTeil2\IMG_1071.jpg</path>
	<source>
		<database>Unknown</database>
	</source>
	<size>
		<width>768</width>
		<height>1024</height>
		<depth>3</depth>
	</size>
	<segmented>0</segmented>
	<object>
		<name>kiwi</name>
		<pose>Unspecified</pose>
		<truncated>0</truncated>
		<difficult>0</difficult>
		<bndbox>
			<xmin>21</xmin>
			<ymin>611</ymin>
			<xmax>186</xmax>
			<ymax>758</ymax>
		</bndbox>
	</object>
	<object>
		<name>kiwi</name>
		<pose>Unspecified</pose>
		<truncated>0</truncated>
		<difficult>0</difficult>
		<bndbox>
			<xmin>394</xmin>
			<ymin>525</ymin>
			<xmax>514</xmax>
			<ymax>611</ymax>
		</bndbox>
	</object>
	<object>
		<name>zitrone</name>
		<pose>Unspecified</pose>
		<truncated>0</truncated>
		<difficult>0</difficult>
		<bndbox>
			<xmin>276</xmin>
			<ymin>542</ymin>
			<xmax>385</xmax>
			<ymax>652</ymax>
		</bndbox>
	</object>
	<object>
		<name>zitrone</name>
		<pose>Unspecified</pose>
		<truncated>0</truncated>
		<difficult>0</difficult>
		<bndbox>
			<xmin>502</xmin>
			<ymin>585</ymin>
			<xmax>628</xmax>
			<ymax>712</ymax>
		</bndbox>
	</object>
</annotation>
