<annotation>
	<folder>imagesTeil2</folder>
	<filename>IMG_1122.jpg</filename>
	<path>C:\Users\leons\Downloads\imagesTeil2\IMG_1122.jpg</path>
	<source>
		<database>Unknown</database>
	</source>
	<size>
		<width>768</width>
		<height>1024</height>
		<depth>3</depth>
	</size>
	<segmented>0</segmented>
	<object>
		<name>zitrone</name>
		<pose>Unspecified</pose>
		<truncated>0</truncated>
		<difficult>0</difficult>
		<bndbox>
			<xmin>117</xmin>
			<ymin>656</ymin>
			<xmax>296</xmax>
			<ymax>805</ymax>
		</bndbox>
	</object>
	<object>
		<name>limette</name>
		<pose>Unspecified</pose>
		<truncated>0</truncated>
		<difficult>0</difficult>
		<bndbox>
			<xmin>587</xmin>
			<ymin>677</ymin>
			<xmax>740</xmax>
			<ymax>816</ymax>
		</bndbox>
	</object>
	<object>
		<name>passionsfrucht</name>
		<pose>Unspecified</pose>
		<truncated>0</truncated>
		<difficult>0</difficult>
		<bndbox>
			<xmin>421</xmin>
			<ymin>619</ymin>
			<xmax>574</xmax>
			<ymax>762</ymax>
		</bndbox>
	</object>
</annotation>
