<annotation>
	<folder>imagesTeil2</folder>
	<filename>IMG_1287.jpg</filename>
	<path>C:\Users\leons\Downloads\imagesTeil2\IMG_1287.jpg</path>
	<source>
		<database>Unknown</database>
	</source>
	<size>
		<width>768</width>
		<height>1024</height>
		<depth>3</depth>
	</size>
	<segmented>0</segmented>
	<object>
		<name>kiwi</name>
		<pose>Unspecified</pose>
		<truncated>0</truncated>
		<difficult>0</difficult>
		<bndbox>
			<xmin>468</xmin>
			<ymin>461</ymin>
			<xmax>654</xmax>
			<ymax>616</ymax>
		</bndbox>
	</object>
	<object>
		<name>zwetschge</name>
		<pose>Unspecified</pose>
		<truncated>0</truncated>
		<difficult>0</difficult>
		<bndbox>
			<xmin>309</xmin>
			<ymin>527</ymin>
			<xmax>404</xmax>
			<ymax>624</ymax>
		</bndbox>
	</object>
	<object>
		<name>limette</name>
		<pose>Unspecified</pose>
		<truncated>0</truncated>
		<difficult>0</difficult>
		<bndbox>
			<xmin>277</xmin>
			<ymin>717</ymin>
			<xmax>552</xmax>
			<ymax>988</ymax>
		</bndbox>
	</object>
	<object>
		<name>limette</name>
		<pose>Unspecified</pose>
		<truncated>0</truncated>
		<difficult>0</difficult>
		<bndbox>
			<xmin>43</xmin>
			<ymin>504</ymin>
			<xmax>193</xmax>
			<ymax>628</ymax>
		</bndbox>
	</object>
</annotation>
