<annotation>
	<folder>imagesTeil2</folder>
	<filename>IMG_1072.jpg</filename>
	<path>C:\Users\leons\Downloads\imagesTeil2\IMG_1072.jpg</path>
	<source>
		<database>Unknown</database>
	</source>
	<size>
		<width>768</width>
		<height>1024</height>
		<depth>3</depth>
	</size>
	<segmented>0</segmented>
	<object>
		<name>passionsfrucht</name>
		<pose>Unspecified</pose>
		<truncated>0</truncated>
		<difficult>0</difficult>
		<bndbox>
			<xmin>37</xmin>
			<ymin>592</ymin>
			<xmax>233</xmax>
			<ymax>763</ymax>
		</bndbox>
	</object>
	<object>
		<name>passionsfrucht</name>
		<pose>Unspecified</pose>
		<truncated>0</truncated>
		<difficult>0</difficult>
		<bndbox>
			<xmin>399</xmin>
			<ymin>505</ymin>
			<xmax>507</xmax>
			<ymax>607</ymax>
		</bndbox>
	</object>
	<object>
		<name>zitrone</name>
		<pose>Unspecified</pose>
		<truncated>0</truncated>
		<difficult>0</difficult>
		<bndbox>
			<xmin>469</xmin>
			<ymin>574</ymin>
			<xmax>605</xmax>
			<ymax>714</ymax>
		</bndbox>
	</object>
	<object>
		<name>zitrone</name>
		<pose>Unspecified</pose>
		<truncated>0</truncated>
		<difficult>0</difficult>
		<bndbox>
			<xmin>202</xmin>
			<ymin>524</ymin>
			<xmax>325</xmax>
			<ymax>646</ymax>
		</bndbox>
	</object>
</annotation>
