<annotation>
	<folder>imagesTeil2</folder>
	<filename>IMG_1324.jpg</filename>
	<path>C:\Users\leons\Downloads\imagesTeil2\IMG_1324.jpg</path>
	<source>
		<database>Unknown</database>
	</source>
	<size>
		<width>768</width>
		<height>1024</height>
		<depth>3</depth>
	</size>
	<segmented>0</segmented>
	<object>
		<name>passionsfrucht</name>
		<pose>Unspecified</pose>
		<truncated>0</truncated>
		<difficult>0</difficult>
		<bndbox>
			<xmin>530</xmin>
			<ymin>259</ymin>
			<xmax>653</xmax>
			<ymax>371</ymax>
		</bndbox>
	</object>
	<object>
		<name>zitrone</name>
		<pose>Unspecified</pose>
		<truncated>0</truncated>
		<difficult>0</difficult>
		<bndbox>
			<xmin>321</xmin>
			<ymin>619</ymin>
			<xmax>439</xmax>
			<ymax>785</ymax>
		</bndbox>
	</object>
	<object>
		<name>zwetschge</name>
		<pose>Unspecified</pose>
		<truncated>0</truncated>
		<difficult>0</difficult>
		<bndbox>
			<xmin>395</xmin>
			<ymin>463</ymin>
			<xmax>471</xmax>
			<ymax>535</ymax>
		</bndbox>
	</object>
	<object>
		<name>limette</name>
		<pose>Unspecified</pose>
		<truncated>0</truncated>
		<difficult>0</difficult>
		<bndbox>
			<xmin>182</xmin>
			<ymin>316</ymin>
			<xmax>269</xmax>
			<ymax>410</ymax>
		</bndbox>
	</object>
</annotation>
