<annotation>
	<folder>imagesTeil2</folder>
	<filename>IMG_1123.jpg</filename>
	<path>C:\Users\leons\Downloads\imagesTeil2\IMG_1123.jpg</path>
	<source>
		<database>Unknown</database>
	</source>
	<size>
		<width>768</width>
		<height>1024</height>
		<depth>3</depth>
	</size>
	<segmented>0</segmented>
	<object>
		<name>zitrone</name>
		<pose>Unspecified</pose>
		<truncated>0</truncated>
		<difficult>0</difficult>
		<bndbox>
			<xmin>8</xmin>
			<ymin>609</ymin>
			<xmax>191</xmax>
			<ymax>751</ymax>
		</bndbox>
	</object>
	<object>
		<name>limette</name>
		<pose>Unspecified</pose>
		<truncated>0</truncated>
		<difficult>0</difficult>
		<bndbox>
			<xmin>621</xmin>
			<ymin>593</ymin>
			<xmax>753</xmax>
			<ymax>703</ymax>
		</bndbox>
	</object>
	<object>
		<name>limette</name>
		<pose>Unspecified</pose>
		<truncated>0</truncated>
		<difficult>0</difficult>
		<bndbox>
			<xmin>491</xmin>
			<ymin>631</ymin>
			<xmax>620</xmax>
			<ymax>750</ymax>
		</bndbox>
	</object>
	<object>
		<name>passionsfrucht</name>
		<pose>Unspecified</pose>
		<truncated>0</truncated>
		<difficult>0</difficult>
		<bndbox>
			<xmin>311</xmin>
			<ymin>567</ymin>
			<xmax>447</xmax>
			<ymax>696</ymax>
		</bndbox>
	</object>
</annotation>
