<annotation>
	<folder>imagesTeil2</folder>
	<filename>IMG_1284.jpg</filename>
	<path>C:\Users\leons\Downloads\imagesTeil2\IMG_1284.jpg</path>
	<source>
		<database>Unknown</database>
	</source>
	<size>
		<width>768</width>
		<height>1024</height>
		<depth>3</depth>
	</size>
	<segmented>0</segmented>
	<object>
		<name>kiwi</name>
		<pose>Unspecified</pose>
		<truncated>0</truncated>
		<difficult>0</difficult>
		<bndbox>
			<xmin>537</xmin>
			<ymin>426</ymin>
			<xmax>737</xmax>
			<ymax>550</ymax>
		</bndbox>
	</object>
	<object>
		<name>kiwi</name>
		<pose>Unspecified</pose>
		<truncated>0</truncated>
		<difficult>0</difficult>
		<bndbox>
			<xmin>120</xmin>
			<ymin>458</ymin>
			<xmax>319</xmax>
			<ymax>619</ymax>
		</bndbox>
	</object>
	<object>
		<name>zwetschge</name>
		<pose>Unspecified</pose>
		<truncated>0</truncated>
		<difficult>0</difficult>
		<bndbox>
			<xmin>383</xmin>
			<ymin>505</ymin>
			<xmax>473</xmax>
			<ymax>589</ymax>
		</bndbox>
	</object>
	<object>
		<name>zwetschge</name>
		<pose>Unspecified</pose>
		<truncated>0</truncated>
		<difficult>0</difficult>
		<bndbox>
			<xmin>26</xmin>
			<ymin>681</ymin>
			<xmax>214</xmax>
			<ymax>838</ymax>
		</bndbox>
	</object>
</annotation>
