<annotation>
	<folder>imagesTeil2</folder>
	<filename>IMG_1093.jpg</filename>
	<path>C:\Users\leons\Downloads\imagesTeil2\IMG_1093.jpg</path>
	<source>
		<database>Unknown</database>
	</source>
	<size>
		<width>768</width>
		<height>1024</height>
		<depth>3</depth>
	</size>
	<segmented>0</segmented>
	<object>
		<name>zitrone</name>
		<pose>Unspecified</pose>
		<truncated>0</truncated>
		<difficult>0</difficult>
		<bndbox>
			<xmin>88</xmin>
			<ymin>629</ymin>
			<xmax>260</xmax>
			<ymax>763</ymax>
		</bndbox>
	</object>
	<object>
		<name>zitrone</name>
		<pose>Unspecified</pose>
		<truncated>0</truncated>
		<difficult>0</difficult>
		<bndbox>
			<xmin>535</xmin>
			<ymin>568</ymin>
			<xmax>668</xmax>
			<ymax>670</ymax>
		</bndbox>
	</object>
	<object>
		<name>limette</name>
		<pose>Unspecified</pose>
		<truncated>0</truncated>
		<difficult>0</difficult>
		<bndbox>
			<xmin>422</xmin>
			<ymin>619</ymin>
			<xmax>531</xmax>
			<ymax>715</ymax>
		</bndbox>
	</object>
	<object>
		<name>passionsfrucht</name>
		<pose>Unspecified</pose>
		<truncated>0</truncated>
		<difficult>0</difficult>
		<bndbox>
			<xmin>240</xmin>
			<ymin>581</ymin>
			<xmax>343</xmax>
			<ymax>681</ymax>
		</bndbox>
	</object>
</annotation>
