<annotation>
	<folder>imagesTeil2</folder>
	<filename>IMG_1218.jpg</filename>
	<path>C:\Users\leons\Downloads\imagesTeil2\IMG_1218.jpg</path>
	<source>
		<database>Unknown</database>
	</source>
	<size>
		<width>768</width>
		<height>1024</height>
		<depth>3</depth>
	</size>
	<segmented>0</segmented>
	<object>
		<name>zitrone</name>
		<pose>Unspecified</pose>
		<truncated>0</truncated>
		<difficult>0</difficult>
		<bndbox>
			<xmin>141</xmin>
			<ymin>593</ymin>
			<xmax>411</xmax>
			<ymax>832</ymax>
		</bndbox>
	</object>
	<object>
		<name>zitrone</name>
		<pose>Unspecified</pose>
		<truncated>0</truncated>
		<difficult>0</difficult>
		<bndbox>
			<xmin>492</xmin>
			<ymin>459</ymin>
			<xmax>643</xmax>
			<ymax>605</ymax>
		</bndbox>
	</object>
	<object>
		<name>passionsfrucht</name>
		<pose>Unspecified</pose>
		<truncated>0</truncated>
		<difficult>0</difficult>
		<bndbox>
			<xmin>184</xmin>
			<ymin>404</ymin>
			<xmax>293</xmax>
			<ymax>508</ymax>
		</bndbox>
	</object>
	<object>
		<name>zwetschge</name>
		<pose>Unspecified</pose>
		<truncated>0</truncated>
		<difficult>0</difficult>
		<bndbox>
			<xmin>60</xmin>
			<ymin>496</ymin>
			<xmax>165</xmax>
			<ymax>581</ymax>
		</bndbox>
	</object>
</annotation>
