<annotation>
	<folder>imagesTeil2</folder>
	<filename>IMG_1152.jpg</filename>
	<path>C:\Users\leons\Downloads\imagesTeil2\IMG_1152.jpg</path>
	<source>
		<database>Unknown</database>
	</source>
	<size>
		<width>768</width>
		<height>1024</height>
		<depth>3</depth>
	</size>
	<segmented>0</segmented>
	<object>
		<name>passionsfrucht</name>
		<pose>Unspecified</pose>
		<truncated>0</truncated>
		<difficult>0</difficult>
		<bndbox>
			<xmin>566</xmin>
			<ymin>543</ymin>
			<xmax>695</xmax>
			<ymax>656</ymax>
		</bndbox>
	</object>
	<object>
		<name>passionsfrucht</name>
		<pose>Unspecified</pose>
		<truncated>0</truncated>
		<difficult>0</difficult>
		<bndbox>
			<xmin>266</xmin>
			<ymin>516</ymin>
			<xmax>357</xmax>
			<ymax>608</ymax>
		</bndbox>
	</object>
	<object>
		<name>kiwi</name>
		<pose>Unspecified</pose>
		<truncated>0</truncated>
		<difficult>0</difficult>
		<bndbox>
			<xmin>66</xmin>
			<ymin>562</ymin>
			<xmax>254</xmax>
			<ymax>708</ymax>
		</bndbox>
	</object>
</annotation>
