<annotation>
	<folder>imagesTeil2</folder>
	<filename>IMG_1196.jpg</filename>
	<path>C:\Users\leons\Downloads\imagesTeil2\IMG_1196.jpg</path>
	<source>
		<database>Unknown</database>
	</source>
	<size>
		<width>768</width>
		<height>1024</height>
		<depth>3</depth>
	</size>
	<segmented>0</segmented>
	<object>
		<name>limette</name>
		<pose>Unspecified</pose>
		<truncated>0</truncated>
		<difficult>0</difficult>
		<bndbox>
			<xmin>270</xmin>
			<ymin>680</ymin>
			<xmax>403</xmax>
			<ymax>819</ymax>
		</bndbox>
	</object>
	<object>
		<name>zwetschge</name>
		<pose>Unspecified</pose>
		<truncated>0</truncated>
		<difficult>0</difficult>
		<bndbox>
			<xmin>484</xmin>
			<ymin>685</ymin>
			<xmax>567</xmax>
			<ymax>764</ymax>
		</bndbox>
	</object>
	<object>
		<name>kiwi</name>
		<pose>Unspecified</pose>
		<truncated>0</truncated>
		<difficult>0</difficult>
		<bndbox>
			<xmin>409</xmin>
			<ymin>588</ymin>
			<xmax>513</xmax>
			<ymax>688</ymax>
		</bndbox>
	</object>
	<object>
		<name>kiwi</name>
		<pose>Unspecified</pose>
		<truncated>0</truncated>
		<difficult>0</difficult>
		<bndbox>
			<xmin>106</xmin>
			<ymin>599</ymin>
			<xmax>231</xmax>
			<ymax>696</ymax>
		</bndbox>
	</object>
</annotation>
