<annotation>
	<folder>imagesTeil2</folder>
	<filename>IMG_1194.jpg</filename>
	<path>C:\Users\leons\Downloads\imagesTeil2\IMG_1194.jpg</path>
	<source>
		<database>Unknown</database>
	</source>
	<size>
		<width>768</width>
		<height>1024</height>
		<depth>3</depth>
	</size>
	<segmented>0</segmented>
	<object>
		<name>zwetschge</name>
		<pose>Unspecified</pose>
		<truncated>0</truncated>
		<difficult>0</difficult>
		<bndbox>
			<xmin>46</xmin>
			<ymin>685</ymin>
			<xmax>188</xmax>
			<ymax>792</ymax>
		</bndbox>
	</object>
	<object>
		<name>limette</name>
		<pose>Unspecified</pose>
		<truncated>0</truncated>
		<difficult>0</difficult>
		<bndbox>
			<xmin>328</xmin>
			<ymin>673</ymin>
			<xmax>534</xmax>
			<ymax>872</ymax>
		</bndbox>
	</object>
	<object>
		<name>zitrone</name>
		<pose>Unspecified</pose>
		<truncated>0</truncated>
		<difficult>0</difficult>
		<bndbox>
			<xmin>562</xmin>
			<ymin>595</ymin>
			<xmax>735</xmax>
			<ymax>738</ymax>
		</bndbox>
	</object>
	<object>
		<name>zitrone</name>
		<pose>Unspecified</pose>
		<truncated>0</truncated>
		<difficult>0</difficult>
		<bndbox>
			<xmin>298</xmin>
			<ymin>526</ymin>
			<xmax>422</xmax>
			<ymax>632</ymax>
		</bndbox>
	</object>
</annotation>
