<annotation>
	<folder>imagesTeil2</folder>
	<filename>IMG_1285.jpg</filename>
	<path>C:\Users\leons\Downloads\imagesTeil2\IMG_1285.jpg</path>
	<source>
		<database>Unknown</database>
	</source>
	<size>
		<width>768</width>
		<height>1024</height>
		<depth>3</depth>
	</size>
	<segmented>0</segmented>
	<object>
		<name>kiwi</name>
		<pose>Unspecified</pose>
		<truncated>0</truncated>
		<difficult>0</difficult>
		<bndbox>
			<xmin>584</xmin>
			<ymin>370</ymin>
			<xmax>747</xmax>
			<ymax>471</ymax>
		</bndbox>
	</object>
	<object>
		<name>kiwi</name>
		<pose>Unspecified</pose>
		<truncated>0</truncated>
		<difficult>0</difficult>
		<bndbox>
			<xmin>176</xmin>
			<ymin>407</ymin>
			<xmax>342</xmax>
			<ymax>534</ymax>
		</bndbox>
	</object>
	<object>
		<name>limette</name>
		<pose>Unspecified</pose>
		<truncated>0</truncated>
		<difficult>0</difficult>
		<bndbox>
			<xmin>427</xmin>
			<ymin>413</ymin>
			<xmax>514</xmax>
			<ymax>495</ymax>
		</bndbox>
	</object>
	<object>
		<name>limette</name>
		<pose>Unspecified</pose>
		<truncated>0</truncated>
		<difficult>0</difficult>
		<bndbox>
			<xmin>21</xmin>
			<ymin>529</ymin>
			<xmax>198</xmax>
			<ymax>687</ymax>
		</bndbox>
	</object>
</annotation>
