<annotation>
	<folder>imagesTeil2</folder>
	<filename>IMG_1331.jpg</filename>
	<path>C:\Users\leons\Downloads\imagesTeil2\IMG_1331.jpg</path>
	<source>
		<database>Unknown</database>
	</source>
	<size>
		<width>768</width>
		<height>1024</height>
		<depth>3</depth>
	</size>
	<segmented>0</segmented>
	<object>
		<name>limette</name>
		<pose>Unspecified</pose>
		<truncated>0</truncated>
		<difficult>0</difficult>
		<bndbox>
			<xmin>445</xmin>
			<ymin>221</ymin>
			<xmax>536</xmax>
			<ymax>322</ymax>
		</bndbox>
	</object>
	<object>
		<name>zitrone</name>
		<pose>Unspecified</pose>
		<truncated>0</truncated>
		<difficult>0</difficult>
		<bndbox>
			<xmin>313</xmin>
			<ymin>283</ymin>
			<xmax>413</xmax>
			<ymax>403</ymax>
		</bndbox>
	</object>
	<object>
		<name>zwetschge</name>
		<pose>Unspecified</pose>
		<truncated>0</truncated>
		<difficult>0</difficult>
		<bndbox>
			<xmin>220</xmin>
			<ymin>344</ymin>
			<xmax>284</xmax>
			<ymax>417</ymax>
		</bndbox>
	</object>
	<object>
		<name>kiwi</name>
		<pose>Unspecified</pose>
		<truncated>0</truncated>
		<difficult>0</difficult>
		<bndbox>
			<xmin>332</xmin>
			<ymin>463</ymin>
			<xmax>476</xmax>
			<ymax>615</ymax>
		</bndbox>
	</object>
</annotation>
