<annotation>
	<folder>imagesTeil2</folder>
	<filename>IMG_1221.jpg</filename>
	<path>C:\Users\leons\Downloads\imagesTeil2\IMG_1221.jpg</path>
	<source>
		<database>Unknown</database>
	</source>
	<size>
		<width>768</width>
		<height>1024</height>
		<depth>3</depth>
	</size>
	<segmented>0</segmented>
	<object>
		<name>zitrone</name>
		<pose>Unspecified</pose>
		<truncated>0</truncated>
		<difficult>0</difficult>
		<bndbox>
			<xmin>171</xmin>
			<ymin>462</ymin>
			<xmax>282</xmax>
			<ymax>568</ymax>
		</bndbox>
	</object>
	<object>
		<name>limette</name>
		<pose>Unspecified</pose>
		<truncated>0</truncated>
		<difficult>0</difficult>
		<bndbox>
			<xmin>615</xmin>
			<ymin>545</ymin>
			<xmax>746</xmax>
			<ymax>656</ymax>
		</bndbox>
	</object>
	<object>
		<name>limette</name>
		<pose>Unspecified</pose>
		<truncated>1</truncated>
		<difficult>0</difficult>
		<bndbox>
			<xmin>1</xmin>
			<ymin>659</ymin>
			<xmax>214</xmax>
			<ymax>854</ymax>
		</bndbox>
	</object>
</annotation>
