<annotation>
	<folder>imagesTeil2</folder>
	<filename>IMG_1350.jpg</filename>
	<path>C:\Users\leons\Downloads\imagesTeil2\IMG_1350.jpg</path>
	<source>
		<database>Unknown</database>
	</source>
	<size>
		<width>768</width>
		<height>1024</height>
		<depth>3</depth>
	</size>
	<segmented>0</segmented>
	<object>
		<name>zitrone</name>
		<pose>Unspecified</pose>
		<truncated>0</truncated>
		<difficult>0</difficult>
		<bndbox>
			<xmin>462</xmin>
			<ymin>682</ymin>
			<xmax>647</xmax>
			<ymax>835</ymax>
		</bndbox>
	</object>
	<object>
		<name>zwetschge</name>
		<pose>Unspecified</pose>
		<truncated>0</truncated>
		<difficult>0</difficult>
		<bndbox>
			<xmin>476</xmin>
			<ymin>458</ymin>
			<xmax>570</xmax>
			<ymax>567</ymax>
		</bndbox>
	</object>
	<object>
		<name>zwetschge</name>
		<pose>Unspecified</pose>
		<truncated>0</truncated>
		<difficult>0</difficult>
		<bndbox>
			<xmin>287</xmin>
			<ymin>186</ymin>
			<xmax>385</xmax>
			<ymax>297</ymax>
		</bndbox>
	</object>
	<object>
		<name>limette</name>
		<pose>Unspecified</pose>
		<truncated>0</truncated>
		<difficult>0</difficult>
		<bndbox>
			<xmin>234</xmin>
			<ymin>345</ymin>
			<xmax>352</xmax>
			<ymax>470</ymax>
		</bndbox>
	</object>
</annotation>
