<annotation>
	<folder>imagesTeil2</folder>
	<filename>IMG_1240.jpg</filename>
	<path>C:\Users\leons\Downloads\imagesTeil2\IMG_1240.jpg</path>
	<source>
		<database>Unknown</database>
	</source>
	<size>
		<width>768</width>
		<height>1024</height>
		<depth>3</depth>
	</size>
	<segmented>0</segmented>
	<object>
		<name>zwetschge</name>
		<pose>Unspecified</pose>
		<truncated>0</truncated>
		<difficult>0</difficult>
		<bndbox>
			<xmin>453</xmin>
			<ymin>621</ymin>
			<xmax>553</xmax>
			<ymax>725</ymax>
		</bndbox>
	</object>
	<object>
		<name>limette</name>
		<pose>Unspecified</pose>
		<truncated>0</truncated>
		<difficult>0</difficult>
		<bndbox>
			<xmin>285</xmin>
			<ymin>578</ymin>
			<xmax>411</xmax>
			<ymax>705</ymax>
		</bndbox>
	</object>
	<object>
		<name>limette</name>
		<pose>Unspecified</pose>
		<truncated>0</truncated>
		<difficult>0</difficult>
		<bndbox>
			<xmin>478</xmin>
			<ymin>523</ymin>
			<xmax>588</xmax>
			<ymax>621</ymax>
		</bndbox>
	</object>
	<object>
		<name>zitrone</name>
		<pose>Unspecified</pose>
		<truncated>0</truncated>
		<difficult>0</difficult>
		<bndbox>
			<xmin>25</xmin>
			<ymin>519</ymin>
			<xmax>192</xmax>
			<ymax>681</ymax>
		</bndbox>
	</object>
</annotation>
