<annotation>
	<folder>imagesTeil2</folder>
	<filename>IMG_1169.jpg</filename>
	<path>C:\Users\leons\Downloads\imagesTeil2\IMG_1169.jpg</path>
	<source>
		<database>Unknown</database>
	</source>
	<size>
		<width>768</width>
		<height>1024</height>
		<depth>3</depth>
	</size>
	<segmented>0</segmented>
	<object>
		<name>zitrone</name>
		<pose>Unspecified</pose>
		<truncated>0</truncated>
		<difficult>0</difficult>
		<bndbox>
			<xmin>49</xmin>
			<ymin>680</ymin>
			<xmax>219</xmax>
			<ymax>855</ymax>
		</bndbox>
	</object>
	<object>
		<name>zitrone</name>
		<pose>Unspecified</pose>
		<truncated>0</truncated>
		<difficult>0</difficult>
		<bndbox>
			<xmin>288</xmin>
			<ymin>566</ymin>
			<xmax>388</xmax>
			<ymax>663</ymax>
		</bndbox>
	</object>
	<object>
		<name>passionsfrucht</name>
		<pose>Unspecified</pose>
		<truncated>0</truncated>
		<difficult>0</difficult>
		<bndbox>
			<xmin>388</xmin>
			<ymin>584</ymin>
			<xmax>492</xmax>
			<ymax>695</ymax>
		</bndbox>
	</object>
</annotation>
