<annotation>
	<folder>imagesTeil2</folder>
	<filename>IMG_1185.jpg</filename>
	<path>C:\Users\leons\Downloads\imagesTeil2\IMG_1185.jpg</path>
	<source>
		<database>Unknown</database>
	</source>
	<size>
		<width>768</width>
		<height>1024</height>
		<depth>3</depth>
	</size>
	<segmented>0</segmented>
	<object>
		<name>zwetschge</name>
		<pose>Unspecified</pose>
		<truncated>0</truncated>
		<difficult>0</difficult>
		<bndbox>
			<xmin>453</xmin>
			<ymin>705</ymin>
			<xmax>566</xmax>
			<ymax>829</ymax>
		</bndbox>
	</object>
	<object>
		<name>limette</name>
		<pose>Unspecified</pose>
		<truncated>0</truncated>
		<difficult>0</difficult>
		<bndbox>
			<xmin>524</xmin>
			<ymin>573</ymin>
			<xmax>623</xmax>
			<ymax>671</ymax>
		</bndbox>
	</object>
	<object>
		<name>passionsfrucht</name>
		<pose>Unspecified</pose>
		<truncated>0</truncated>
		<difficult>0</difficult>
		<bndbox>
			<xmin>368</xmin>
			<ymin>533</ymin>
			<xmax>469</xmax>
			<ymax>624</ymax>
		</bndbox>
	</object>
	<object>
		<name>passionsfrucht</name>
		<pose>Unspecified</pose>
		<truncated>0</truncated>
		<difficult>0</difficult>
		<bndbox>
			<xmin>38</xmin>
			<ymin>546</ymin>
			<xmax>165</xmax>
			<ymax>655</ymax>
		</bndbox>
	</object>
</annotation>
