<annotation>
	<folder>imagesTeil2</folder>
	<filename>IMG_1153.jpg</filename>
	<path>C:\Users\leons\Downloads\imagesTeil2\IMG_1153.jpg</path>
	<source>
		<database>Unknown</database>
	</source>
	<size>
		<width>768</width>
		<height>1024</height>
		<depth>3</depth>
	</size>
	<segmented>0</segmented>
	<object>
		<name>limette</name>
		<pose>Unspecified</pose>
		<truncated>0</truncated>
		<difficult>0</difficult>
		<bndbox>
			<xmin>163</xmin>
			<ymin>583</ymin>
			<xmax>274</xmax>
			<ymax>691</ymax>
		</bndbox>
	</object>
	<object>
		<name>limette</name>
		<pose>Unspecified</pose>
		<truncated>0</truncated>
		<difficult>0</difficult>
		<bndbox>
			<xmin>530</xmin>
			<ymin>700</ymin>
			<xmax>705</xmax>
			<ymax>868</ymax>
		</bndbox>
	</object>
	<object>
		<name>passionsfrucht</name>
		<pose>Unspecified</pose>
		<truncated>0</truncated>
		<difficult>0</difficult>
		<bndbox>
			<xmin>587</xmin>
			<ymin>554</ymin>
			<xmax>717</xmax>
			<ymax>670</ymax>
		</bndbox>
	</object>
	<object>
		<name>passionsfrucht</name>
		<pose>Unspecified</pose>
		<truncated>0</truncated>
		<difficult>0</difficult>
		<bndbox>
			<xmin>281</xmin>
			<ymin>528</ymin>
			<xmax>374</xmax>
			<ymax>617</ymax>
		</bndbox>
	</object>
</annotation>
