<annotation>
	<folder>imagesTeil2</folder>
	<filename>IMG_1139.jpg</filename>
	<path>C:\Users\leons\Downloads\imagesTeil2\IMG_1139.jpg</path>
	<source>
		<database>Unknown</database>
	</source>
	<size>
		<width>768</width>
		<height>1024</height>
		<depth>3</depth>
	</size>
	<segmented>0</segmented>
	<object>
		<name>zwetschge</name>
		<pose>Unspecified</pose>
		<truncated>0</truncated>
		<difficult>0</difficult>
		<bndbox>
			<xmin>385</xmin>
			<ymin>783</ymin>
			<xmax>529</xmax>
			<ymax>938</ymax>
		</bndbox>
	</object>
	<object>
		<name>zwetschge</name>
		<pose>Unspecified</pose>
		<truncated>0</truncated>
		<difficult>0</difficult>
		<bndbox>
			<xmin>593</xmin>
			<ymin>641</ymin>
			<xmax>684</xmax>
			<ymax>731</ymax>
		</bndbox>
	</object>
	<object>
		<name>passionsfrucht</name>
		<pose>Unspecified</pose>
		<truncated>0</truncated>
		<difficult>0</difficult>
		<bndbox>
			<xmin>393</xmin>
			<ymin>556</ymin>
			<xmax>524</xmax>
			<ymax>681</ymax>
		</bndbox>
	</object>
</annotation>
