<annotation>
	<folder>imagesTeil2</folder>
	<filename>IMG_1219.jpg</filename>
	<path>C:\Users\leons\Downloads\imagesTeil2\IMG_1219.jpg</path>
	<source>
		<database>Unknown</database>
	</source>
	<size>
		<width>768</width>
		<height>1024</height>
		<depth>3</depth>
	</size>
	<segmented>0</segmented>
	<object>
		<name>zwetschge</name>
		<pose>Unspecified</pose>
		<truncated>0</truncated>
		<difficult>0</difficult>
		<bndbox>
			<xmin>48</xmin>
			<ymin>642</ymin>
			<xmax>196</xmax>
			<ymax>758</ymax>
		</bndbox>
	</object>
	<object>
		<name>zwetschge</name>
		<pose>Unspecified</pose>
		<truncated>0</truncated>
		<difficult>0</difficult>
		<bndbox>
			<xmin>388</xmin>
			<ymin>526</ymin>
			<xmax>461</xmax>
			<ymax>585</ymax>
		</bndbox>
	</object>
</annotation>
