<annotation>
	<folder>imagesTeil2</folder>
	<filename>IMG_1201.jpg</filename>
	<path>C:\Users\leons\Downloads\imagesTeil2\IMG_1201.jpg</path>
	<source>
		<database>Unknown</database>
	</source>
	<size>
		<width>768</width>
		<height>1024</height>
		<depth>3</depth>
	</size>
	<segmented>0</segmented>
	<object>
		<name>limette</name>
		<pose>Unspecified</pose>
		<truncated>0</truncated>
		<difficult>0</difficult>
		<bndbox>
			<xmin>153</xmin>
			<ymin>682</ymin>
			<xmax>353</xmax>
			<ymax>889</ymax>
		</bndbox>
	</object>
	<object>
		<name>limette</name>
		<pose>Unspecified</pose>
		<truncated>0</truncated>
		<difficult>0</difficult>
		<bndbox>
			<xmin>125</xmin>
			<ymin>529</ymin>
			<xmax>209</xmax>
			<ymax>610</ymax>
		</bndbox>
	</object>
	<object>
		<name>passionsfrucht</name>
		<pose>Unspecified</pose>
		<truncated>0</truncated>
		<difficult>0</difficult>
		<bndbox>
			<xmin>258</xmin>
			<ymin>523</ymin>
			<xmax>377</xmax>
			<ymax>635</ymax>
		</bndbox>
	</object>
	<object>
		<name>passionsfrucht</name>
		<pose>Unspecified</pose>
		<truncated>0</truncated>
		<difficult>0</difficult>
		<bndbox>
			<xmin>433</xmin>
			<ymin>529</ymin>
			<xmax>542</xmax>
			<ymax>644</ymax>
		</bndbox>
	</object>
</annotation>
