<annotation>
	<folder>imagesTeil2</folder>
	<filename>IMG_1267.jpg</filename>
	<path>C:\Users\leons\Downloads\imagesTeil2\IMG_1267.jpg</path>
	<source>
		<database>Unknown</database>
	</source>
	<size>
		<width>768</width>
		<height>1024</height>
		<depth>3</depth>
	</size>
	<segmented>0</segmented>
	<object>
		<name>zitrone</name>
		<pose>Unspecified</pose>
		<truncated>0</truncated>
		<difficult>0</difficult>
		<bndbox>
			<xmin>539</xmin>
			<ymin>502</ymin>
			<xmax>686</xmax>
			<ymax>635</ymax>
		</bndbox>
	</object>
	<object>
		<name>zwetschge</name>
		<pose>Unspecified</pose>
		<truncated>0</truncated>
		<difficult>0</difficult>
		<bndbox>
			<xmin>419</xmin>
			<ymin>680</ymin>
			<xmax>538</xmax>
			<ymax>797</ymax>
		</bndbox>
	</object>
	<object>
		<name>kiwi</name>
		<pose>Unspecified</pose>
		<truncated>0</truncated>
		<difficult>0</difficult>
		<bndbox>
			<xmin>247</xmin>
			<ymin>493</ymin>
			<xmax>392</xmax>
			<ymax>592</ymax>
		</bndbox>
	</object>
	<object>
		<name>passionsfrucht</name>
		<pose>Unspecified</pose>
		<truncated>0</truncated>
		<difficult>0</difficult>
		<bndbox>
			<xmin>37</xmin>
			<ymin>519</ymin>
			<xmax>166</xmax>
			<ymax>651</ymax>
		</bndbox>
	</object>
</annotation>
