<annotation>
	<folder>imagesTeil2</folder>
	<filename>IMG_1129.jpg</filename>
	<path>C:\Users\leons\Downloads\imagesTeil2\IMG_1129.jpg</path>
	<source>
		<database>Unknown</database>
	</source>
	<size>
		<width>768</width>
		<height>1024</height>
		<depth>3</depth>
	</size>
	<segmented>0</segmented>
	<object>
		<name>zwetschge</name>
		<pose>Unspecified</pose>
		<truncated>0</truncated>
		<difficult>0</difficult>
		<bndbox>
			<xmin>15</xmin>
			<ymin>785</ymin>
			<xmax>184</xmax>
			<ymax>938</ymax>
		</bndbox>
	</object>
	<object>
		<name>zwetschge</name>
		<pose>Unspecified</pose>
		<truncated>0</truncated>
		<difficult>0</difficult>
		<bndbox>
			<xmin>347</xmin>
			<ymin>648</ymin>
			<xmax>428</xmax>
			<ymax>725</ymax>
		</bndbox>
	</object>
	<object>
		<name>kiwi</name>
		<pose>Unspecified</pose>
		<truncated>0</truncated>
		<difficult>0</difficult>
		<bndbox>
			<xmin>186</xmin>
			<ymin>567</ymin>
			<xmax>323</xmax>
			<ymax>687</ymax>
		</bndbox>
	</object>
	<object>
		<name>zitrone</name>
		<pose>Unspecified</pose>
		<truncated>0</truncated>
		<difficult>0</difficult>
		<bndbox>
			<xmin>31</xmin>
			<ymin>573</ymin>
			<xmax>131</xmax>
			<ymax>667</ymax>
		</bndbox>
	</object>
</annotation>
