<annotation>
	<folder>imagesTeil2</folder>
	<filename>IMG_1143.jpg</filename>
	<path>C:\Users\leons\Downloads\imagesTeil2\IMG_1143.jpg</path>
	<source>
		<database>Unknown</database>
	</source>
	<size>
		<width>768</width>
		<height>1024</height>
		<depth>3</depth>
	</size>
	<segmented>0</segmented>
	<object>
		<name>zwetschge</name>
		<pose>Unspecified</pose>
		<truncated>0</truncated>
		<difficult>0</difficult>
		<bndbox>
			<xmin>233</xmin>
			<ymin>748</ymin>
			<xmax>357</xmax>
			<ymax>874</ymax>
		</bndbox>
	</object>
	<object>
		<name>zwetschge</name>
		<pose>Unspecified</pose>
		<truncated>0</truncated>
		<difficult>0</difficult>
		<bndbox>
			<xmin>473</xmin>
			<ymin>608</ymin>
			<xmax>538</xmax>
			<ymax>670</ymax>
		</bndbox>
	</object>
	<object>
		<name>zitrone</name>
		<pose>Unspecified</pose>
		<truncated>0</truncated>
		<difficult>0</difficult>
		<bndbox>
			<xmin>594</xmin>
			<ymin>587</ymin>
			<xmax>744</xmax>
			<ymax>741</ymax>
		</bndbox>
	</object>
	<object>
		<name>kiwi</name>
		<pose>Unspecified</pose>
		<truncated>0</truncated>
		<difficult>0</difficult>
		<bndbox>
			<xmin>66</xmin>
			<ymin>607</ymin>
			<xmax>240</xmax>
			<ymax>738</ymax>
		</bndbox>
	</object>
</annotation>
