<annotation>
	<folder>imagesTeil2</folder>
	<filename>IMG_1104.jpg</filename>
	<path>C:\Users\leons\Downloads\imagesTeil2\IMG_1104.jpg</path>
	<source>
		<database>Unknown</database>
	</source>
	<size>
		<width>768</width>
		<height>1024</height>
		<depth>3</depth>
	</size>
	<segmented>0</segmented>
	<object>
		<name>passionsfrucht</name>
		<pose>Unspecified</pose>
		<truncated>0</truncated>
		<difficult>0</difficult>
		<bndbox>
			<xmin>467</xmin>
			<ymin>671</ymin>
			<xmax>709</xmax>
			<ymax>924</ymax>
		</bndbox>
	</object>
	<object>
		<name>kiwi</name>
		<pose>Unspecified</pose>
		<truncated>0</truncated>
		<difficult>0</difficult>
		<bndbox>
			<xmin>466</xmin>
			<ymin>538</ymin>
			<xmax>584</xmax>
			<ymax>653</ymax>
		</bndbox>
	</object>
	<object>
		<name>kiwi</name>
		<pose>Unspecified</pose>
		<truncated>0</truncated>
		<difficult>0</difficult>
		<bndbox>
			<xmin>68</xmin>
			<ymin>540</ymin>
			<xmax>199</xmax>
			<ymax>629</ymax>
		</bndbox>
	</object>
	<object>
		<name>zitrone</name>
		<pose>Unspecified</pose>
		<truncated>0</truncated>
		<difficult>0</difficult>
		<bndbox>
			<xmin>231</xmin>
			<ymin>557</ymin>
			<xmax>400</xmax>
			<ymax>689</ymax>
		</bndbox>
	</object>
</annotation>
