<annotation>
	<folder>imagesTeil2</folder>
	<filename>IMG_1283.jpg</filename>
	<path>C:\Users\leons\Downloads\imagesTeil2\IMG_1283.jpg</path>
	<source>
		<database>Unknown</database>
	</source>
	<size>
		<width>768</width>
		<height>1024</height>
		<depth>3</depth>
	</size>
	<segmented>0</segmented>
	<object>
		<name>kiwi</name>
		<pose>Unspecified</pose>
		<truncated>0</truncated>
		<difficult>0</difficult>
		<bndbox>
			<xmin>518</xmin>
			<ymin>399</ymin>
			<xmax>701</xmax>
			<ymax>514</ymax>
		</bndbox>
	</object>
	<object>
		<name>zwetschge</name>
		<pose>Unspecified</pose>
		<truncated>0</truncated>
		<difficult>0</difficult>
		<bndbox>
			<xmin>539</xmin>
			<ymin>529</ymin>
			<xmax>660</xmax>
			<ymax>645</ymax>
		</bndbox>
	</object>
	<object>
		<name>zwetschge</name>
		<pose>Unspecified</pose>
		<truncated>0</truncated>
		<difficult>0</difficult>
		<bndbox>
			<xmin>80</xmin>
			<ymin>666</ymin>
			<xmax>268</xmax>
			<ymax>825</ymax>
		</bndbox>
	</object>
	<object>
		<name>zitrone</name>
		<pose>Unspecified</pose>
		<truncated>0</truncated>
		<difficult>0</difficult>
		<bndbox>
			<xmin>147</xmin>
			<ymin>446</ymin>
			<xmax>338</xmax>
			<ymax>618</ymax>
		</bndbox>
	</object>
</annotation>
