<annotation>
	<folder>imagesTeil2</folder>
	<filename>IMG_1246.jpg</filename>
	<path>C:\Users\leons\Downloads\imagesTeil2\IMG_1246.jpg</path>
	<source>
		<database>Unknown</database>
	</source>
	<size>
		<width>768</width>
		<height>1024</height>
		<depth>3</depth>
	</size>
	<segmented>0</segmented>
	<object>
		<name>limette</name>
		<pose>Unspecified</pose>
		<truncated>0</truncated>
		<difficult>0</difficult>
		<bndbox>
			<xmin>543</xmin>
			<ymin>607</ymin>
			<xmax>704</xmax>
			<ymax>748</ymax>
		</bndbox>
	</object>
	<object>
		<name>kiwi</name>
		<pose>Unspecified</pose>
		<truncated>0</truncated>
		<difficult>0</difficult>
		<bndbox>
			<xmin>443</xmin>
			<ymin>500</ymin>
			<xmax>582</xmax>
			<ymax>639</ymax>
		</bndbox>
	</object>
	<object>
		<name>zitrone</name>
		<pose>Unspecified</pose>
		<truncated>0</truncated>
		<difficult>0</difficult>
		<bndbox>
			<xmin>38</xmin>
			<ymin>477</ymin>
			<xmax>220</xmax>
			<ymax>611</ymax>
		</bndbox>
	</object>
</annotation>
