<annotation>
	<folder>imagesTeil2</folder>
	<filename>IMG_1199.jpg</filename>
	<path>C:\Users\leons\Downloads\imagesTeil2\IMG_1199.jpg</path>
	<source>
		<database>Unknown</database>
	</source>
	<size>
		<width>768</width>
		<height>1024</height>
		<depth>3</depth>
	</size>
	<segmented>0</segmented>
	<object>
		<name>zwetschge</name>
		<pose>Unspecified</pose>
		<truncated>0</truncated>
		<difficult>0</difficult>
		<bndbox>
			<xmin>166</xmin>
			<ymin>724</ymin>
			<xmax>319</xmax>
			<ymax>865</ymax>
		</bndbox>
	</object>
	<object>
		<name>limette</name>
		<pose>Unspecified</pose>
		<truncated>0</truncated>
		<difficult>0</difficult>
		<bndbox>
			<xmin>559</xmin>
			<ymin>604</ymin>
			<xmax>720</xmax>
			<ymax>743</ymax>
		</bndbox>
	</object>
	<object>
		<name>kiwi</name>
		<pose>Unspecified</pose>
		<truncated>0</truncated>
		<difficult>0</difficult>
		<bndbox>
			<xmin>377</xmin>
			<ymin>507</ymin>
			<xmax>499</xmax>
			<ymax>617</ymax>
		</bndbox>
	</object>
	<object>
		<name>passionsfrucht</name>
		<pose>Unspecified</pose>
		<truncated>0</truncated>
		<difficult>0</difficult>
		<bndbox>
			<xmin>90</xmin>
			<ymin>516</ymin>
			<xmax>234</xmax>
			<ymax>647</ymax>
		</bndbox>
	</object>
</annotation>
