<annotation>
	<folder>imagesTeil2</folder>
	<filename>IMG_1202.jpg</filename>
	<path>C:\Users\leons\Downloads\imagesTeil2\IMG_1202.jpg</path>
	<source>
		<database>Unknown</database>
	</source>
	<size>
		<width>768</width>
		<height>1024</height>
		<depth>3</depth>
	</size>
	<segmented>0</segmented>
	<object>
		<name>limette</name>
		<pose>Unspecified</pose>
		<truncated>0</truncated>
		<difficult>0</difficult>
		<bndbox>
			<xmin>68</xmin>
			<ymin>558</ymin>
			<xmax>191</xmax>
			<ymax>692</ymax>
		</bndbox>
	</object>
	<object>
		<name>kiwi</name>
		<pose>Unspecified</pose>
		<truncated>0</truncated>
		<difficult>0</difficult>
		<bndbox>
			<xmin>507</xmin>
			<ymin>556</ymin>
			<xmax>660</xmax>
			<ymax>711</ymax>
		</bndbox>
	</object>
	<object>
		<name>passionsfrucht</name>
		<pose>Unspecified</pose>
		<truncated>0</truncated>
		<difficult>0</difficult>
		<bndbox>
			<xmin>342</xmin>
			<ymin>524</ymin>
			<xmax>463</xmax>
			<ymax>644</ymax>
		</bndbox>
	</object>
</annotation>
