<annotation>
	<folder>imagesTeil2</folder>
	<filename>IMG_1111.jpg</filename>
	<path>C:\Users\leons\Downloads\imagesTeil2\IMG_1111.jpg</path>
	<source>
		<database>Unknown</database>
	</source>
	<size>
		<width>768</width>
		<height>1024</height>
		<depth>3</depth>
	</size>
	<segmented>0</segmented>
	<object>
		<name>zitrone</name>
		<pose>Unspecified</pose>
		<truncated>0</truncated>
		<difficult>0</difficult>
		<bndbox>
			<xmin>542</xmin>
			<ymin>555</ymin>
			<xmax>692</xmax>
			<ymax>684</ymax>
		</bndbox>
	</object>
	<object>
		<name>passionsfrucht</name>
		<pose>Unspecified</pose>
		<truncated>0</truncated>
		<difficult>0</difficult>
		<bndbox>
			<xmin>409</xmin>
			<ymin>619</ymin>
			<xmax>597</xmax>
			<ymax>798</ymax>
		</bndbox>
	</object>
	<object>
		<name>limette</name>
		<pose>Unspecified</pose>
		<truncated>0</truncated>
		<difficult>0</difficult>
		<bndbox>
			<xmin>179</xmin>
			<ymin>641</ymin>
			<xmax>330</xmax>
			<ymax>792</ymax>
		</bndbox>
	</object>
	<object>
		<name>kiwi</name>
		<pose>Unspecified</pose>
		<truncated>1</truncated>
		<difficult>0</difficult>
		<bndbox>
			<xmin>1</xmin>
			<ymin>585</ymin>
			<xmax>199</xmax>
			<ymax>757</ymax>
		</bndbox>
	</object>
</annotation>
