<annotation>
	<folder>imagesTeil2</folder>
	<filename>IMG_1332.jpg</filename>
	<path>C:\Users\leons\Downloads\imagesTeil2\IMG_1332.jpg</path>
	<source>
		<database>Unknown</database>
	</source>
	<size>
		<width>768</width>
		<height>1024</height>
		<depth>3</depth>
	</size>
	<segmented>0</segmented>
	<object>
		<name>zitrone</name>
		<pose>Unspecified</pose>
		<truncated>0</truncated>
		<difficult>0</difficult>
		<bndbox>
			<xmin>328</xmin>
			<ymin>409</ymin>
			<xmax>427</xmax>
			<ymax>530</ymax>
		</bndbox>
	</object>
	<object>
		<name>limette</name>
		<pose>Unspecified</pose>
		<truncated>0</truncated>
		<difficult>0</difficult>
		<bndbox>
			<xmin>208</xmin>
			<ymin>348</ymin>
			<xmax>302</xmax>
			<ymax>432</ymax>
		</bndbox>
	</object>
</annotation>
