<annotation>
	<folder>imagesTeil2</folder>
	<filename>IMG_1154.jpg</filename>
	<path>C:\Users\leons\Downloads\imagesTeil2\IMG_1154.jpg</path>
	<source>
		<database>Unknown</database>
	</source>
	<size>
		<width>768</width>
		<height>1024</height>
		<depth>3</depth>
	</size>
	<segmented>0</segmented>
	<object>
		<name>limette</name>
		<pose>Unspecified</pose>
		<truncated>0</truncated>
		<difficult>0</difficult>
		<bndbox>
			<xmin>219</xmin>
			<ymin>728</ymin>
			<xmax>405</xmax>
			<ymax>907</ymax>
		</bndbox>
	</object>
	<object>
		<name>passionsfrucht</name>
		<pose>Unspecified</pose>
		<truncated>0</truncated>
		<difficult>0</difficult>
		<bndbox>
			<xmin>349</xmin>
			<ymin>573</ymin>
			<xmax>461</xmax>
			<ymax>694</ymax>
		</bndbox>
	</object>
	<object>
		<name>passionsfrucht</name>
		<pose>Unspecified</pose>
		<truncated>0</truncated>
		<difficult>0</difficult>
		<bndbox>
			<xmin>512</xmin>
			<ymin>550</ymin>
			<xmax>619</xmax>
			<ymax>647</ymax>
		</bndbox>
	</object>
</annotation>
