<annotation>
	<folder>imagesTeil2</folder>
	<filename>IMG_1323.jpg</filename>
	<path>C:\Users\leons\Downloads\imagesTeil2\IMG_1323.jpg</path>
	<source>
		<database>Unknown</database>
	</source>
	<size>
		<width>768</width>
		<height>1024</height>
		<depth>3</depth>
	</size>
	<segmented>0</segmented>
	<object>
		<name>zwetschge</name>
		<pose>Unspecified</pose>
		<truncated>0</truncated>
		<difficult>0</difficult>
		<bndbox>
			<xmin>486</xmin>
			<ymin>573</ymin>
			<xmax>571</xmax>
			<ymax>642</ymax>
		</bndbox>
	</object>
	<object>
		<name>passionsfrucht</name>
		<pose>Unspecified</pose>
		<truncated>0</truncated>
		<difficult>0</difficult>
		<bndbox>
			<xmin>283</xmin>
			<ymin>650</ymin>
			<xmax>403</xmax>
			<ymax>770</ymax>
		</bndbox>
	</object>
	<object>
		<name>zitrone</name>
		<pose>Unspecified</pose>
		<truncated>0</truncated>
		<difficult>0</difficult>
		<bndbox>
			<xmin>487</xmin>
			<ymin>330</ymin>
			<xmax>607</xmax>
			<ymax>473</ymax>
		</bndbox>
	</object>
	<object>
		<name>passionsfrucht</name>
		<pose>Unspecified</pose>
		<truncated>0</truncated>
		<difficult>0</difficult>
		<bndbox>
			<xmin>156</xmin>
			<ymin>322</ymin>
			<xmax>272</xmax>
			<ymax>439</ymax>
		</bndbox>
	</object>
</annotation>
