<annotation>
	<folder>imagesTeil2</folder>
	<filename>IMG_1147.jpg</filename>
	<path>C:\Users\leons\Downloads\imagesTeil2\IMG_1147.jpg</path>
	<source>
		<database>Unknown</database>
	</source>
	<size>
		<width>768</width>
		<height>1024</height>
		<depth>3</depth>
	</size>
	<segmented>0</segmented>
	<object>
		<name>zwetschge</name>
		<pose>Unspecified</pose>
		<truncated>0</truncated>
		<difficult>0</difficult>
		<bndbox>
			<xmin>296</xmin>
			<ymin>655</ymin>
			<xmax>407</xmax>
			<ymax>775</ymax>
		</bndbox>
	</object>
	<object>
		<name>limette</name>
		<pose>Unspecified</pose>
		<truncated>0</truncated>
		<difficult>0</difficult>
		<bndbox>
			<xmin>492</xmin>
			<ymin>566</ymin>
			<xmax>618</xmax>
			<ymax>686</ymax>
		</bndbox>
	</object>
	<object>
		<name>limette</name>
		<pose>Unspecified</pose>
		<truncated>0</truncated>
		<difficult>0</difficult>
		<bndbox>
			<xmin>58</xmin>
			<ymin>540</ymin>
			<xmax>165</xmax>
			<ymax>629</ymax>
		</bndbox>
	</object>
</annotation>
