<annotation>
	<folder>imagesTeil2</folder>
	<filename>IMG_1128.jpg</filename>
	<path>C:\Users\leons\Downloads\imagesTeil2\IMG_1128.jpg</path>
	<source>
		<database>Unknown</database>
	</source>
	<size>
		<width>768</width>
		<height>1024</height>
		<depth>3</depth>
	</size>
	<segmented>0</segmented>
	<object>
		<name>zwetschge</name>
		<pose>Unspecified</pose>
		<truncated>0</truncated>
		<difficult>0</difficult>
		<bndbox>
			<xmin>264</xmin>
			<ymin>778</ymin>
			<xmax>442</xmax>
			<ymax>924</ymax>
		</bndbox>
	</object>
	<object>
		<name>zwetschge</name>
		<pose>Unspecified</pose>
		<truncated>0</truncated>
		<difficult>0</difficult>
		<bndbox>
			<xmin>389</xmin>
			<ymin>591</ymin>
			<xmax>467</xmax>
			<ymax>661</ymax>
		</bndbox>
	</object>
	<object>
		<name>kiwi</name>
		<pose>Unspecified</pose>
		<truncated>0</truncated>
		<difficult>0</difficult>
		<bndbox>
			<xmin>592</xmin>
			<ymin>544</ymin>
			<xmax>735</xmax>
			<ymax>678</ymax>
		</bndbox>
	</object>
</annotation>
