<annotation>
	<folder>imagesTeil2</folder>
	<filename>IMG_1172.jpg</filename>
	<path>C:\Users\leons\Downloads\imagesTeil2\IMG_1172.jpg</path>
	<source>
		<database>Unknown</database>
	</source>
	<size>
		<width>768</width>
		<height>1024</height>
		<depth>3</depth>
	</size>
	<segmented>0</segmented>
	<object>
		<name>zitrone</name>
		<pose>Unspecified</pose>
		<truncated>0</truncated>
		<difficult>0</difficult>
		<bndbox>
			<xmin>134</xmin>
			<ymin>628</ymin>
			<xmax>314</xmax>
			<ymax>783</ymax>
		</bndbox>
	</object>
	<object>
		<name>zitrone</name>
		<pose>Unspecified</pose>
		<truncated>0</truncated>
		<difficult>0</difficult>
		<bndbox>
			<xmin>431</xmin>
			<ymin>535</ymin>
			<xmax>542</xmax>
			<ymax>631</ymax>
		</bndbox>
	</object>
</annotation>
