<annotation>
	<folder>imagesTeil2</folder>
	<filename>IMG_1166.jpg</filename>
	<path>C:\Users\leons\Downloads\imagesTeil2\IMG_1166.jpg</path>
	<source>
		<database>Unknown</database>
	</source>
	<size>
		<width>768</width>
		<height>1024</height>
		<depth>3</depth>
	</size>
	<segmented>0</segmented>
	<object>
		<name>limette</name>
		<pose>Unspecified</pose>
		<truncated>0</truncated>
		<difficult>0</difficult>
		<bndbox>
			<xmin>553</xmin>
			<ymin>700</ymin>
			<xmax>722</xmax>
			<ymax>853</ymax>
		</bndbox>
	</object>
	<object>
		<name>passionsfrucht</name>
		<pose>Unspecified</pose>
		<truncated>0</truncated>
		<difficult>0</difficult>
		<bndbox>
			<xmin>355</xmin>
			<ymin>570</ymin>
			<xmax>480</xmax>
			<ymax>688</ymax>
		</bndbox>
	</object>
	<object>
		<name>zitrone</name>
		<pose>Unspecified</pose>
		<truncated>0</truncated>
		<difficult>0</difficult>
		<bndbox>
			<xmin>53</xmin>
			<ymin>581</ymin>
			<xmax>234</xmax>
			<ymax>720</ymax>
		</bndbox>
	</object>
</annotation>
