<annotation>
	<folder>imagesTeil2</folder>
	<filename>IMG_1186.jpg</filename>
	<path>C:\Users\leons\Downloads\imagesTeil2\IMG_1186.jpg</path>
	<source>
		<database>Unknown</database>
	</source>
	<size>
		<width>768</width>
		<height>1024</height>
		<depth>3</depth>
	</size>
	<segmented>0</segmented>
	<object>
		<name>zwetschge</name>
		<pose>Unspecified</pose>
		<truncated>0</truncated>
		<difficult>0</difficult>
		<bndbox>
			<xmin>449</xmin>
			<ymin>702</ymin>
			<xmax>566</xmax>
			<ymax>825</ymax>
		</bndbox>
	</object>
	<object>
		<name>zitrone</name>
		<pose>Unspecified</pose>
		<truncated>0</truncated>
		<difficult>0</difficult>
		<bndbox>
			<xmin>472</xmin>
			<ymin>550</ymin>
			<xmax>602</xmax>
			<ymax>680</ymax>
		</bndbox>
	</object>
	<object>
		<name>passionsfrucht</name>
		<pose>Unspecified</pose>
		<truncated>0</truncated>
		<difficult>0</difficult>
		<bndbox>
			<xmin>365</xmin>
			<ymin>531</ymin>
			<xmax>466</xmax>
			<ymax>624</ymax>
		</bndbox>
	</object>
	<object>
		<name>passionsfrucht</name>
		<pose>Unspecified</pose>
		<truncated>0</truncated>
		<difficult>0</difficult>
		<bndbox>
			<xmin>34</xmin>
			<ymin>542</ymin>
			<xmax>169</xmax>
			<ymax>650</ymax>
		</bndbox>
	</object>
</annotation>
