<annotation>
	<folder>imagesTeil2</folder>
	<filename>IMG_1200.jpg</filename>
	<path>C:\Users\leons\Downloads\imagesTeil2\IMG_1200.jpg</path>
	<source>
		<database>Unknown</database>
	</source>
	<size>
		<width>768</width>
		<height>1024</height>
		<depth>3</depth>
	</size>
	<segmented>0</segmented>
	<object>
		<name>limette</name>
		<pose>Unspecified</pose>
		<truncated>0</truncated>
		<difficult>0</difficult>
		<bndbox>
			<xmin>575</xmin>
			<ymin>588</ymin>
			<xmax>735</xmax>
			<ymax>727</ymax>
		</bndbox>
	</object>
	<object>
		<name>limette</name>
		<pose>Unspecified</pose>
		<truncated>0</truncated>
		<difficult>0</difficult>
		<bndbox>
			<xmin>197</xmin>
			<ymin>525</ymin>
			<xmax>296</xmax>
			<ymax>613</ymax>
		</bndbox>
	</object>
	<object>
		<name>passionsfrucht</name>
		<pose>Unspecified</pose>
		<truncated>0</truncated>
		<difficult>0</difficult>
		<bndbox>
			<xmin>84</xmin>
			<ymin>467</ymin>
			<xmax>193</xmax>
			<ymax>562</ymax>
		</bndbox>
	</object>
	<object>
		<name>kiwi</name>
		<pose>Unspecified</pose>
		<truncated>0</truncated>
		<difficult>0</difficult>
		<bndbox>
			<xmin>391</xmin>
			<ymin>492</ymin>
			<xmax>512</xmax>
			<ymax>603</ymax>
		</bndbox>
	</object>
</annotation>
