<annotation>
	<folder>imagesTeil2</folder>
	<filename>IMG_1233.jpg</filename>
	<path>C:\Users\leons\Downloads\imagesTeil2\IMG_1233.jpg</path>
	<source>
		<database>Unknown</database>
	</source>
	<size>
		<width>768</width>
		<height>1024</height>
		<depth>3</depth>
	</size>
	<segmented>0</segmented>
	<object>
		<name>zwetschge</name>
		<pose>Unspecified</pose>
		<truncated>0</truncated>
		<difficult>0</difficult>
		<bndbox>
			<xmin>18</xmin>
			<ymin>639</ymin>
			<xmax>150</xmax>
			<ymax>734</ymax>
		</bndbox>
	</object>
	<object>
		<name>zitrone</name>
		<pose>Unspecified</pose>
		<truncated>0</truncated>
		<difficult>0</difficult>
		<bndbox>
			<xmin>120</xmin>
			<ymin>503</ymin>
			<xmax>214</xmax>
			<ymax>590</ymax>
		</bndbox>
	</object>
	<object>
		<name>zitrone</name>
		<pose>Unspecified</pose>
		<truncated>0</truncated>
		<difficult>0</difficult>
		<bndbox>
			<xmin>526</xmin>
			<ymin>496</ymin>
			<xmax>639</xmax>
			<ymax>598</ymax>
		</bndbox>
	</object>
</annotation>
