<annotation>
	<folder>imagesTeil2</folder>
	<filename>IMG_1342.jpg</filename>
	<path>C:\Users\leons\Downloads\imagesTeil2\IMG_1342.jpg</path>
	<source>
		<database>Unknown</database>
	</source>
	<size>
		<width>768</width>
		<height>1024</height>
		<depth>3</depth>
	</size>
	<segmented>0</segmented>
	<object>
		<name>kiwi</name>
		<pose>Unspecified</pose>
		<truncated>0</truncated>
		<difficult>0</difficult>
		<bndbox>
			<xmin>233</xmin>
			<ymin>125</ymin>
			<xmax>414</xmax>
			<ymax>282</ymax>
		</bndbox>
	</object>
	<object>
		<name>zitrone</name>
		<pose>Unspecified</pose>
		<truncated>0</truncated>
		<difficult>0</difficult>
		<bndbox>
			<xmin>278</xmin>
			<ymin>375</ymin>
			<xmax>441</xmax>
			<ymax>548</ymax>
		</bndbox>
	</object>
	<object>
		<name>kiwi</name>
		<pose>Unspecified</pose>
		<truncated>0</truncated>
		<difficult>0</difficult>
		<bndbox>
			<xmin>535</xmin>
			<ymin>418</ymin>
			<xmax>729</xmax>
			<ymax>630</ymax>
		</bndbox>
	</object>
	<object>
		<name>zwetschge</name>
		<pose>Unspecified</pose>
		<truncated>0</truncated>
		<difficult>0</difficult>
		<bndbox>
			<xmin>454</xmin>
			<ymin>642</ymin>
			<xmax>564</xmax>
			<ymax>732</ymax>
		</bndbox>
	</object>
</annotation>
