<annotation>
	<folder>imagesTeil2</folder>
	<filename>IMG_1174.jpg</filename>
	<path>C:\Users\leons\Downloads\imagesTeil2\IMG_1174.jpg</path>
	<source>
		<database>Unknown</database>
	</source>
	<size>
		<width>768</width>
		<height>1024</height>
		<depth>3</depth>
	</size>
	<segmented>0</segmented>
	<object>
		<name>kiwi</name>
		<pose>Unspecified</pose>
		<truncated>0</truncated>
		<difficult>0</difficult>
		<bndbox>
			<xmin>57</xmin>
			<ymin>610</ymin>
			<xmax>256</xmax>
			<ymax>777</ymax>
		</bndbox>
	</object>
	<object>
		<name>kiwi</name>
		<pose>Unspecified</pose>
		<truncated>0</truncated>
		<difficult>0</difficult>
		<bndbox>
			<xmin>417</xmin>
			<ymin>553</ymin>
			<xmax>536</xmax>
			<ymax>632</ymax>
		</bndbox>
	</object>
	<object>
		<name>limette</name>
		<pose>Unspecified</pose>
		<truncated>0</truncated>
		<difficult>0</difficult>
		<bndbox>
			<xmin>617</xmin>
			<ymin>597</ymin>
			<xmax>728</xmax>
			<ymax>695</ymax>
		</bndbox>
	</object>
</annotation>
