<annotation>
	<folder>imagesTeil2</folder>
	<filename>IMG_1259.jpg</filename>
	<path>C:\Users\leons\Downloads\imagesTeil2\IMG_1259.jpg</path>
	<source>
		<database>Unknown</database>
	</source>
	<size>
		<width>768</width>
		<height>1024</height>
		<depth>3</depth>
	</size>
	<segmented>0</segmented>
	<object>
		<name>zitrone</name>
		<pose>Unspecified</pose>
		<truncated>0</truncated>
		<difficult>0</difficult>
		<bndbox>
			<xmin>591</xmin>
			<ymin>500</ymin>
			<xmax>719</xmax>
			<ymax>620</ymax>
		</bndbox>
	</object>
	<object>
		<name>kiwi</name>
		<pose>Unspecified</pose>
		<truncated>0</truncated>
		<difficult>0</difficult>
		<bndbox>
			<xmin>346</xmin>
			<ymin>492</ymin>
			<xmax>441</xmax>
			<ymax>583</ymax>
		</bndbox>
	</object>
	<object>
		<name>kiwi</name>
		<pose>Unspecified</pose>
		<truncated>0</truncated>
		<difficult>0</difficult>
		<bndbox>
			<xmin>50</xmin>
			<ymin>579</ymin>
			<xmax>314</xmax>
			<ymax>756</ymax>
		</bndbox>
	</object>
</annotation>
