<annotation>
	<folder>imagesTeil2</folder>
	<filename>IMG_1334.jpg</filename>
	<path>C:\Users\leons\Downloads\imagesTeil2\IMG_1334.jpg</path>
	<source>
		<database>Unknown</database>
	</source>
	<size>
		<width>768</width>
		<height>1024</height>
		<depth>3</depth>
	</size>
	<segmented>0</segmented>
	<object>
		<name>zitrone</name>
		<pose>Unspecified</pose>
		<truncated>0</truncated>
		<difficult>0</difficult>
		<bndbox>
			<xmin>360</xmin>
			<ymin>174</ymin>
			<xmax>509</xmax>
			<ymax>302</ymax>
		</bndbox>
	</object>
	<object>
		<name>zitrone</name>
		<pose>Unspecified</pose>
		<truncated>0</truncated>
		<difficult>0</difficult>
		<bndbox>
			<xmin>552</xmin>
			<ymin>402</ymin>
			<xmax>678</xmax>
			<ymax>517</ymax>
		</bndbox>
	</object>
	<object>
		<name>passionsfrucht</name>
		<pose>Unspecified</pose>
		<truncated>0</truncated>
		<difficult>0</difficult>
		<bndbox>
			<xmin>310</xmin>
			<ymin>460</ymin>
			<xmax>439</xmax>
			<ymax>586</ymax>
		</bndbox>
	</object>
	<object>
		<name>limette</name>
		<pose>Unspecified</pose>
		<truncated>0</truncated>
		<difficult>0</difficult>
		<bndbox>
			<xmin>394</xmin>
			<ymin>671</ymin>
			<xmax>503</xmax>
			<ymax>786</ymax>
		</bndbox>
	</object>
</annotation>
