<annotation>
	<folder>imagesTeil2</folder>
	<filename>IMG_1115.jpg</filename>
	<path>C:\Users\leons\Downloads\imagesTeil2\IMG_1115.jpg</path>
	<source>
		<database>Unknown</database>
	</source>
	<size>
		<width>768</width>
		<height>1024</height>
		<depth>3</depth>
	</size>
	<segmented>0</segmented>
	<object>
		<name>passionsfrucht</name>
		<pose>Unspecified</pose>
		<truncated>0</truncated>
		<difficult>0</difficult>
		<bndbox>
			<xmin>155</xmin>
			<ymin>628</ymin>
			<xmax>303</xmax>
			<ymax>768</ymax>
		</bndbox>
	</object>
	<object>
		<name>passionsfrucht</name>
		<pose>Unspecified</pose>
		<truncated>0</truncated>
		<difficult>0</difficult>
		<bndbox>
			<xmin>369</xmin>
			<ymin>615</ymin>
			<xmax>498</xmax>
			<ymax>752</ymax>
		</bndbox>
	</object>
	<object>
		<name>limette</name>
		<pose>Unspecified</pose>
		<truncated>0</truncated>
		<difficult>0</difficult>
		<bndbox>
			<xmin>534</xmin>
			<ymin>716</ymin>
			<xmax>703</xmax>
			<ymax>877</ymax>
		</bndbox>
	</object>
	<object>
		<name>kiwi</name>
		<pose>Unspecified</pose>
		<truncated>0</truncated>
		<difficult>0</difficult>
		<bndbox>
			<xmin>630</xmin>
			<ymin>600</ymin>
			<xmax>761</xmax>
			<ymax>718</ymax>
		</bndbox>
	</object>
</annotation>
