<annotation>
	<folder>imagesTeil2</folder>
	<filename>IMG_1088.jpg</filename>
	<path>C:\Users\leons\Downloads\imagesTeil2\IMG_1088.jpg</path>
	<source>
		<database>Unknown</database>
	</source>
	<size>
		<width>768</width>
		<height>1024</height>
		<depth>3</depth>
	</size>
	<segmented>0</segmented>
	<object>
		<name>passionsfrucht</name>
		<pose>Unspecified</pose>
		<truncated>0</truncated>
		<difficult>0</difficult>
		<bndbox>
			<xmin>136</xmin>
			<ymin>569</ymin>
			<xmax>285</xmax>
			<ymax>704</ymax>
		</bndbox>
	</object>
	<object>
		<name>zitrone</name>
		<pose>Unspecified</pose>
		<truncated>0</truncated>
		<difficult>0</difficult>
		<bndbox>
			<xmin>587</xmin>
			<ymin>583</ymin>
			<xmax>728</xmax>
			<ymax>718</ymax>
		</bndbox>
	</object>
	<object>
		<name>zitrone</name>
		<pose>Unspecified</pose>
		<truncated>0</truncated>
		<difficult>0</difficult>
		<bndbox>
			<xmin>326</xmin>
			<ymin>507</ymin>
			<xmax>435</xmax>
			<ymax>592</ymax>
		</bndbox>
	</object>
	<object>
		<name>zwetschge</name>
		<pose>Unspecified</pose>
		<truncated>0</truncated>
		<difficult>0</difficult>
		<bndbox>
			<xmin>400</xmin>
			<ymin>580</ymin>
			<xmax>458</xmax>
			<ymax>643</ymax>
		</bndbox>
	</object>
</annotation>
