<annotation>
	<folder>imagesTeil2</folder>
	<filename>IMG_1091.jpg</filename>
	<path>C:\Users\leons\Downloads\imagesTeil2\IMG_1091.jpg</path>
	<source>
		<database>Unknown</database>
	</source>
	<size>
		<width>768</width>
		<height>1024</height>
		<depth>3</depth>
	</size>
	<segmented>0</segmented>
	<object>
		<name>zitrone</name>
		<pose>Unspecified</pose>
		<truncated>0</truncated>
		<difficult>0</difficult>
		<bndbox>
			<xmin>67</xmin>
			<ymin>586</ymin>
			<xmax>238</xmax>
			<ymax>722</ymax>
		</bndbox>
	</object>
	<object>
		<name>zwetschge</name>
		<pose>Unspecified</pose>
		<truncated>0</truncated>
		<difficult>0</difficult>
		<bndbox>
			<xmin>329</xmin>
			<ymin>640</ymin>
			<xmax>409</xmax>
			<ymax>716</ymax>
		</bndbox>
	</object>
	<object>
		<name>passionsfrucht</name>
		<pose>Unspecified</pose>
		<truncated>0</truncated>
		<difficult>0</difficult>
		<bndbox>
			<xmin>517</xmin>
			<ymin>635</ymin>
			<xmax>684</xmax>
			<ymax>797</ymax>
		</bndbox>
	</object>
</annotation>
