<annotation>
	<folder>imagesTeil2</folder>
	<filename>IMG_1288.jpg</filename>
	<path>C:\Users\leons\Downloads\imagesTeil2\IMG_1288.jpg</path>
	<source>
		<database>Unknown</database>
	</source>
	<size>
		<width>768</width>
		<height>1024</height>
		<depth>3</depth>
	</size>
	<segmented>0</segmented>
	<object>
		<name>kiwi</name>
		<pose>Unspecified</pose>
		<truncated>0</truncated>
		<difficult>0</difficult>
		<bndbox>
			<xmin>558</xmin>
			<ymin>388</ymin>
			<xmax>734</xmax>
			<ymax>511</ymax>
		</bndbox>
	</object>
	<object>
		<name>zwetschge</name>
		<pose>Unspecified</pose>
		<truncated>0</truncated>
		<difficult>0</difficult>
		<bndbox>
			<xmin>27</xmin>
			<ymin>646</ymin>
			<xmax>200</xmax>
			<ymax>780</ymax>
		</bndbox>
	</object>
	<object>
		<name>zitrone</name>
		<pose>Unspecified</pose>
		<truncated>0</truncated>
		<difficult>0</difficult>
		<bndbox>
			<xmin>144</xmin>
			<ymin>416</ymin>
			<xmax>277</xmax>
			<ymax>530</ymax>
		</bndbox>
	</object>
	<object>
		<name>zwetschge</name>
		<pose>Unspecified</pose>
		<truncated>0</truncated>
		<difficult>0</difficult>
		<bndbox>
			<xmin>369</xmin>
			<ymin>436</ymin>
			<xmax>441</xmax>
			<ymax>500</ymax>
		</bndbox>
	</object>
</annotation>
