<annotation>
	<folder>imagesTeil2</folder>
	<filename>IMG_1084.jpg</filename>
	<path>C:\Users\leons\Downloads\imagesTeil2\IMG_1084.jpg</path>
	<source>
		<database>Unknown</database>
	</source>
	<size>
		<width>768</width>
		<height>1024</height>
		<depth>3</depth>
	</size>
	<segmented>0</segmented>
	<object>
		<name>zitrone</name>
		<pose>Unspecified</pose>
		<truncated>0</truncated>
		<difficult>0</difficult>
		<bndbox>
			<xmin>603</xmin>
			<ymin>646</ymin>
			<xmax>746</xmax>
			<ymax>789</ymax>
		</bndbox>
	</object>
	<object>
		<name>zitrone</name>
		<pose>Unspecified</pose>
		<truncated>0</truncated>
		<difficult>0</difficult>
		<bndbox>
			<xmin>26</xmin>
			<ymin>602</ymin>
			<xmax>171</xmax>
			<ymax>728</ymax>
		</bndbox>
	</object>
	<object>
		<name>passionsfrucht</name>
		<pose>Unspecified</pose>
		<truncated>0</truncated>
		<difficult>0</difficult>
		<bndbox>
			<xmin>470</xmin>
			<ymin>588</ymin>
			<xmax>580</xmax>
			<ymax>689</ymax>
		</bndbox>
	</object>
	<object>
		<name>zwetschge</name>
		<pose>Unspecified</pose>
		<truncated>0</truncated>
		<difficult>0</difficult>
		<bndbox>
			<xmin>15</xmin>
			<ymin>794</ymin>
			<xmax>177</xmax>
			<ymax>922</ymax>
		</bndbox>
	</object>
</annotation>
