<annotation>
	<folder>imagesTeil2</folder>
	<filename>IMG_1286.jpg</filename>
	<path>C:\Users\leons\Downloads\imagesTeil2\IMG_1286.jpg</path>
	<source>
		<database>Unknown</database>
	</source>
	<size>
		<width>768</width>
		<height>1024</height>
		<depth>3</depth>
	</size>
	<segmented>0</segmented>
	<object>
		<name>kiwi</name>
		<pose>Unspecified</pose>
		<truncated>0</truncated>
		<difficult>0</difficult>
		<bndbox>
			<xmin>522</xmin>
			<ymin>520</ymin>
			<xmax>693</xmax>
			<ymax>626</ymax>
		</bndbox>
	</object>
	<object>
		<name>zwetschge</name>
		<pose>Unspecified</pose>
		<truncated>0</truncated>
		<difficult>0</difficult>
		<bndbox>
			<xmin>24</xmin>
			<ymin>740</ymin>
			<xmax>205</xmax>
			<ymax>892</ymax>
		</bndbox>
	</object>
	<object>
		<name>zwetschge</name>
		<pose>Unspecified</pose>
		<truncated>0</truncated>
		<difficult>0</difficult>
		<bndbox>
			<xmin>388</xmin>
			<ymin>559</ymin>
			<xmax>463</xmax>
			<ymax>631</ymax>
		</bndbox>
	</object>
	<object>
		<name>zitrone</name>
		<pose>Unspecified</pose>
		<truncated>0</truncated>
		<difficult>0</difficult>
		<bndbox>
			<xmin>168</xmin>
			<ymin>521</ymin>
			<xmax>361</xmax>
			<ymax>661</ymax>
		</bndbox>
	</object>
</annotation>
