<annotation>
	<folder>imagesTeil2</folder>
	<filename>IMG_1098.jpg</filename>
	<path>C:\Users\leons\Downloads\imagesTeil2\IMG_1098.jpg</path>
	<source>
		<database>Unknown</database>
	</source>
	<size>
		<width>768</width>
		<height>1024</height>
		<depth>3</depth>
	</size>
	<segmented>0</segmented>
	<object>
		<name>passionsfrucht</name>
		<pose>Unspecified</pose>
		<truncated>0</truncated>
		<difficult>0</difficult>
		<bndbox>
			<xmin>8</xmin>
			<ymin>635</ymin>
			<xmax>174</xmax>
			<ymax>797</ymax>
		</bndbox>
	</object>
	<object>
		<name>passionsfrucht</name>
		<pose>Unspecified</pose>
		<truncated>0</truncated>
		<difficult>0</difficult>
		<bndbox>
			<xmin>228</xmin>
			<ymin>584</ymin>
			<xmax>346</xmax>
			<ymax>708</ymax>
		</bndbox>
	</object>
	<object>
		<name>limette</name>
		<pose>Unspecified</pose>
		<truncated>0</truncated>
		<difficult>0</difficult>
		<bndbox>
			<xmin>626</xmin>
			<ymin>638</ymin>
			<xmax>756</xmax>
			<ymax>758</ymax>
		</bndbox>
	</object>
	<object>
		<name>zitrone</name>
		<pose>Unspecified</pose>
		<truncated>0</truncated>
		<difficult>0</difficult>
		<bndbox>
			<xmin>410</xmin>
			<ymin>571</ymin>
			<xmax>520</xmax>
			<ymax>682</ymax>
		</bndbox>
	</object>
</annotation>
