<annotation>
	<folder>imagesTeil2</folder>
	<filename>IMG_1090.jpg</filename>
	<path>C:\Users\leons\Downloads\imagesTeil2\IMG_1090.jpg</path>
	<source>
		<database>Unknown</database>
	</source>
	<size>
		<width>768</width>
		<height>1024</height>
		<depth>3</depth>
	</size>
	<segmented>0</segmented>
	<object>
		<name>zitrone</name>
		<pose>Unspecified</pose>
		<truncated>0</truncated>
		<difficult>0</difficult>
		<bndbox>
			<xmin>22</xmin>
			<ymin>631</ymin>
			<xmax>215</xmax>
			<ymax>792</ymax>
		</bndbox>
	</object>
	<object>
		<name>zwetschge</name>
		<pose>Unspecified</pose>
		<truncated>0</truncated>
		<difficult>0</difficult>
		<bndbox>
			<xmin>300</xmin>
			<ymin>680</ymin>
			<xmax>388</xmax>
			<ymax>761</ymax>
		</bndbox>
	</object>
	<object>
		<name>passionsfrucht</name>
		<pose>Unspecified</pose>
		<truncated>0</truncated>
		<difficult>0</difficult>
		<bndbox>
			<xmin>401</xmin>
			<ymin>692</ymin>
			<xmax>601</xmax>
			<ymax>906</ymax>
		</bndbox>
	</object>
</annotation>
