<annotation>
	<folder>imagesTeil2</folder>
	<filename>IMG_1256.jpg</filename>
	<path>C:\Users\leons\Downloads\imagesTeil2\IMG_1256.jpg</path>
	<source>
		<database>Unknown</database>
	</source>
	<size>
		<width>768</width>
		<height>1024</height>
		<depth>3</depth>
	</size>
	<segmented>0</segmented>
	<object>
		<name>kiwi</name>
		<pose>Unspecified</pose>
		<truncated>0</truncated>
		<difficult>0</difficult>
		<bndbox>
			<xmin>613</xmin>
			<ymin>448</ymin>
			<xmax>729</xmax>
			<ymax>552</ymax>
		</bndbox>
	</object>
	<object>
		<name>zitrone</name>
		<pose>Unspecified</pose>
		<truncated>0</truncated>
		<difficult>0</difficult>
		<bndbox>
			<xmin>329</xmin>
			<ymin>431</ymin>
			<xmax>431</xmax>
			<ymax>523</ymax>
		</bndbox>
	</object>
	<object>
		<name>zitrone</name>
		<pose>Unspecified</pose>
		<truncated>0</truncated>
		<difficult>0</difficult>
		<bndbox>
			<xmin>28</xmin>
			<ymin>510</ymin>
			<xmax>189</xmax>
			<ymax>644</ymax>
		</bndbox>
	</object>
	<object>
		<name>passionsfrucht</name>
		<pose>Unspecified</pose>
		<truncated>0</truncated>
		<difficult>0</difficult>
		<bndbox>
			<xmin>170</xmin>
			<ymin>435</ymin>
			<xmax>280</xmax>
			<ymax>534</ymax>
		</bndbox>
	</object>
</annotation>
