<annotation>
	<folder>imagesTeil2</folder>
	<filename>IMG_1290.jpg</filename>
	<path>C:\Users\leons\Downloads\imagesTeil2\IMG_1290.jpg</path>
	<source>
		<database>Unknown</database>
	</source>
	<size>
		<width>768</width>
		<height>1024</height>
		<depth>3</depth>
	</size>
	<segmented>0</segmented>
	<object>
		<name>zitrone</name>
		<pose>Unspecified</pose>
		<truncated>0</truncated>
		<difficult>0</difficult>
		<bndbox>
			<xmin>583</xmin>
			<ymin>371</ymin>
			<xmax>707</xmax>
			<ymax>498</ymax>
		</bndbox>
	</object>
	<object>
		<name>limette</name>
		<pose>Unspecified</pose>
		<truncated>0</truncated>
		<difficult>0</difficult>
		<bndbox>
			<xmin>382</xmin>
			<ymin>396</ymin>
			<xmax>490</xmax>
			<ymax>500</ymax>
		</bndbox>
	</object>
	<object>
		<name>zitrone</name>
		<pose>Unspecified</pose>
		<truncated>0</truncated>
		<difficult>0</difficult>
		<bndbox>
			<xmin>44</xmin>
			<ymin>453</ymin>
			<xmax>298</xmax>
			<ymax>648</ymax>
		</bndbox>
	</object>
	<object>
		<name>zwetschge</name>
		<pose>Unspecified</pose>
		<truncated>0</truncated>
		<difficult>0</difficult>
		<bndbox>
			<xmin>85</xmin>
			<ymin>734</ymin>
			<xmax>269</xmax>
			<ymax>952</ymax>
		</bndbox>
	</object>
</annotation>
