<annotation>
	<folder>imagesTeil2</folder>
	<filename>IMG_1164.jpg</filename>
	<path>C:\Users\leons\Downloads\imagesTeil2\IMG_1164.jpg</path>
	<source>
		<database>Unknown</database>
	</source>
	<size>
		<width>768</width>
		<height>1024</height>
		<depth>3</depth>
	</size>
	<segmented>0</segmented>
	<object>
		<name>zitrone</name>
		<pose>Unspecified</pose>
		<truncated>0</truncated>
		<difficult>0</difficult>
		<bndbox>
			<xmin>309</xmin>
			<ymin>688</ymin>
			<xmax>498</xmax>
			<ymax>888</ymax>
		</bndbox>
	</object>
	<object>
		<name>passionsfrucht</name>
		<pose>Unspecified</pose>
		<truncated>0</truncated>
		<difficult>0</difficult>
		<bndbox>
			<xmin>573</xmin>
			<ymin>610</ymin>
			<xmax>734</xmax>
			<ymax>761</ymax>
		</bndbox>
	</object>
	<object>
		<name>kiwi</name>
		<pose>Unspecified</pose>
		<truncated>0</truncated>
		<difficult>0</difficult>
		<bndbox>
			<xmin>400</xmin>
			<ymin>564</ymin>
			<xmax>509</xmax>
			<ymax>658</ymax>
		</bndbox>
	</object>
	<object>
		<name>limette</name>
		<pose>Unspecified</pose>
		<truncated>0</truncated>
		<difficult>0</difficult>
		<bndbox>
			<xmin>221</xmin>
			<ymin>591</ymin>
			<xmax>310</xmax>
			<ymax>678</ymax>
		</bndbox>
	</object>
</annotation>
