<annotation>
	<folder>imagesTeil2</folder>
	<filename>IMG_1282.jpg</filename>
	<path>C:\Users\leons\Downloads\imagesTeil2\IMG_1282.jpg</path>
	<source>
		<database>Unknown</database>
	</source>
	<size>
		<width>768</width>
		<height>1024</height>
		<depth>3</depth>
	</size>
	<segmented>0</segmented>
	<object>
		<name>zwetschge</name>
		<pose>Unspecified</pose>
		<truncated>0</truncated>
		<difficult>0</difficult>
		<bndbox>
			<xmin>220</xmin>
			<ymin>711</ymin>
			<xmax>449</xmax>
			<ymax>918</ymax>
		</bndbox>
	</object>
	<object>
		<name>zitrone</name>
		<pose>Unspecified</pose>
		<truncated>0</truncated>
		<difficult>0</difficult>
		<bndbox>
			<xmin>110</xmin>
			<ymin>435</ymin>
			<xmax>290</xmax>
			<ymax>617</ymax>
		</bndbox>
	</object>
	<object>
		<name>zwetschge</name>
		<pose>Unspecified</pose>
		<truncated>0</truncated>
		<difficult>0</difficult>
		<bndbox>
			<xmin>398</xmin>
			<ymin>469</ymin>
			<xmax>483</xmax>
			<ymax>553</ymax>
		</bndbox>
	</object>
	<object>
		<name>kiwi</name>
		<pose>Unspecified</pose>
		<truncated>0</truncated>
		<difficult>0</difficult>
		<bndbox>
			<xmin>493</xmin>
			<ymin>369</ymin>
			<xmax>658</xmax>
			<ymax>480</ymax>
		</bndbox>
	</object>
</annotation>
