<annotation>
	<folder>imagesTeil2</folder>
	<filename>IMG_1254.jpg</filename>
	<path>C:\Users\leons\Downloads\imagesTeil2\IMG_1254.jpg</path>
	<source>
		<database>Unknown</database>
	</source>
	<size>
		<width>768</width>
		<height>1024</height>
		<depth>3</depth>
	</size>
	<segmented>0</segmented>
	<object>
		<name>passionsfrucht</name>
		<pose>Unspecified</pose>
		<truncated>0</truncated>
		<difficult>0</difficult>
		<bndbox>
			<xmin>30</xmin>
			<ymin>546</ymin>
			<xmax>240</xmax>
			<ymax>749</ymax>
		</bndbox>
	</object>
	<object>
		<name>passionsfrucht</name>
		<pose>Unspecified</pose>
		<truncated>0</truncated>
		<difficult>0</difficult>
		<bndbox>
			<xmin>410</xmin>
			<ymin>464</ymin>
			<xmax>529</xmax>
			<ymax>573</ymax>
		</bndbox>
	</object>
	<object>
		<name>kiwi</name>
		<pose>Unspecified</pose>
		<truncated>1</truncated>
		<difficult>0</difficult>
		<bndbox>
			<xmin>596</xmin>
			<ymin>468</ymin>
			<xmax>768</xmax>
			<ymax>578</ymax>
		</bndbox>
	</object>
	<object>
		<name>kiwi</name>
		<pose>Unspecified</pose>
		<truncated>0</truncated>
		<difficult>0</difficult>
		<bndbox>
			<xmin>200</xmin>
			<ymin>458</ymin>
			<xmax>337</xmax>
			<ymax>571</ymax>
		</bndbox>
	</object>
</annotation>
