<annotation>
	<folder>imagesTeil2</folder>
	<filename>IMG_1307.jpg</filename>
	<path>C:\Users\leons\Downloads\imagesTeil2\IMG_1307.jpg</path>
	<source>
		<database>Unknown</database>
	</source>
	<size>
		<width>768</width>
		<height>1024</height>
		<depth>3</depth>
	</size>
	<segmented>0</segmented>
	<object>
		<name>limette</name>
		<pose>Unspecified</pose>
		<truncated>0</truncated>
		<difficult>0</difficult>
		<bndbox>
			<xmin>590</xmin>
			<ymin>415</ymin>
			<xmax>716</xmax>
			<ymax>523</ymax>
		</bndbox>
	</object>
	<object>
		<name>kiwi</name>
		<pose>Unspecified</pose>
		<truncated>0</truncated>
		<difficult>0</difficult>
		<bndbox>
			<xmin>366</xmin>
			<ymin>395</ymin>
			<xmax>482</xmax>
			<ymax>505</ymax>
		</bndbox>
	</object>
	<object>
		<name>kiwi</name>
		<pose>Unspecified</pose>
		<truncated>0</truncated>
		<difficult>0</difficult>
		<bndbox>
			<xmin>28</xmin>
			<ymin>472</ymin>
			<xmax>277</xmax>
			<ymax>665</ymax>
		</bndbox>
	</object>
</annotation>
