<annotation>
	<folder>imagesTeil2</folder>
	<filename>IMG_1142.jpg</filename>
	<path>C:\Users\leons\Downloads\imagesTeil2\IMG_1142.jpg</path>
	<source>
		<database>Unknown</database>
	</source>
	<size>
		<width>768</width>
		<height>1024</height>
		<depth>3</depth>
	</size>
	<segmented>0</segmented>
	<object>
		<name>zwetschge</name>
		<pose>Unspecified</pose>
		<truncated>0</truncated>
		<difficult>0</difficult>
		<bndbox>
			<xmin>139</xmin>
			<ymin>677</ymin>
			<xmax>268</xmax>
			<ymax>781</ymax>
		</bndbox>
	</object>
	<object>
		<name>zwetschge</name>
		<pose>Unspecified</pose>
		<truncated>0</truncated>
		<difficult>0</difficult>
		<bndbox>
			<xmin>582</xmin>
			<ymin>622</ymin>
			<xmax>714</xmax>
			<ymax>711</ymax>
		</bndbox>
	</object>
	<object>
		<name>zitrone</name>
		<pose>Unspecified</pose>
		<truncated>0</truncated>
		<difficult>0</difficult>
		<bndbox>
			<xmin>366</xmin>
			<ymin>515</ymin>
			<xmax>511</xmax>
			<ymax>635</ymax>
		</bndbox>
	</object>
</annotation>
