<annotation>
	<folder>imagesTeil2</folder>
	<filename>IMG_1187.jpg</filename>
	<path>C:\Users\leons\Downloads\imagesTeil2\IMG_1187.jpg</path>
	<source>
		<database>Unknown</database>
	</source>
	<size>
		<width>768</width>
		<height>1024</height>
		<depth>3</depth>
	</size>
	<segmented>0</segmented>
	<object>
		<name>zwetschge</name>
		<pose>Unspecified</pose>
		<truncated>0</truncated>
		<difficult>0</difficult>
		<bndbox>
			<xmin>459</xmin>
			<ymin>719</ymin>
			<xmax>573</xmax>
			<ymax>845</ymax>
		</bndbox>
	</object>
	<object>
		<name>passionsfrucht</name>
		<pose>Unspecified</pose>
		<truncated>0</truncated>
		<difficult>0</difficult>
		<bndbox>
			<xmin>44</xmin>
			<ymin>563</ymin>
			<xmax>169</xmax>
			<ymax>669</ymax>
		</bndbox>
	</object>
	<object>
		<name>zwetschge</name>
		<pose>Unspecified</pose>
		<truncated>0</truncated>
		<difficult>0</difficult>
		<bndbox>
			<xmin>361</xmin>
			<ymin>581</ymin>
			<xmax>419</xmax>
			<ymax>628</ymax>
		</bndbox>
	</object>
</annotation>
