<annotation>
	<folder>imagesTeil2</folder>
	<filename>IMG_1269.jpg</filename>
	<path>C:\Users\leons\Downloads\imagesTeil2\IMG_1269.jpg</path>
	<source>
		<database>Unknown</database>
	</source>
	<size>
		<width>768</width>
		<height>1024</height>
		<depth>3</depth>
	</size>
	<segmented>0</segmented>
	<object>
		<name>zitrone</name>
		<pose>Unspecified</pose>
		<truncated>0</truncated>
		<difficult>0</difficult>
		<bndbox>
			<xmin>487</xmin>
			<ymin>373</ymin>
			<xmax>698</xmax>
			<ymax>531</ymax>
		</bndbox>
	</object>
	<object>
		<name>zwetschge</name>
		<pose>Unspecified</pose>
		<truncated>0</truncated>
		<difficult>0</difficult>
		<bndbox>
			<xmin>227</xmin>
			<ymin>659</ymin>
			<xmax>390</xmax>
			<ymax>832</ymax>
		</bndbox>
	</object>
	<object>
		<name>limette</name>
		<pose>Unspecified</pose>
		<truncated>0</truncated>
		<difficult>0</difficult>
		<bndbox>
			<xmin>376</xmin>
			<ymin>394</ymin>
			<xmax>484</xmax>
			<ymax>504</ymax>
		</bndbox>
	</object>
	<object>
		<name>kiwi</name>
		<pose>Unspecified</pose>
		<truncated>0</truncated>
		<difficult>0</difficult>
		<bndbox>
			<xmin>182</xmin>
			<ymin>365</ymin>
			<xmax>355</xmax>
			<ymax>488</ymax>
		</bndbox>
	</object>
</annotation>
