<annotation>
	<folder>imagesTeil2</folder>
	<filename>IMG_1149.jpg</filename>
	<path>C:\Users\leons\Downloads\imagesTeil2\IMG_1149.jpg</path>
	<source>
		<database>Unknown</database>
	</source>
	<size>
		<width>768</width>
		<height>1024</height>
		<depth>3</depth>
	</size>
	<segmented>0</segmented>
	<object>
		<name>passionsfrucht</name>
		<pose>Unspecified</pose>
		<truncated>0</truncated>
		<difficult>0</difficult>
		<bndbox>
			<xmin>547</xmin>
			<ymin>632</ymin>
			<xmax>689</xmax>
			<ymax>772</ymax>
		</bndbox>
	</object>
	<object>
		<name>passionsfrucht</name>
		<pose>Unspecified</pose>
		<truncated>0</truncated>
		<difficult>0</difficult>
		<bndbox>
			<xmin>125</xmin>
			<ymin>586</ymin>
			<xmax>241</xmax>
			<ymax>696</ymax>
		</bndbox>
	</object>
</annotation>
