<annotation>
	<folder>imagesTeil2</folder>
	<filename>IMG_1184.jpg</filename>
	<path>C:\Users\leons\Downloads\imagesTeil2\IMG_1184.jpg</path>
	<source>
		<database>Unknown</database>
	</source>
	<size>
		<width>768</width>
		<height>1024</height>
		<depth>3</depth>
	</size>
	<segmented>0</segmented>
	<object>
		<name>zwetschge</name>
		<pose>Unspecified</pose>
		<truncated>0</truncated>
		<difficult>0</difficult>
		<bndbox>
			<xmin>484</xmin>
			<ymin>687</ymin>
			<xmax>600</xmax>
			<ymax>810</ymax>
		</bndbox>
	</object>
	<object>
		<name>zitrone</name>
		<pose>Unspecified</pose>
		<truncated>0</truncated>
		<difficult>0</difficult>
		<bndbox>
			<xmin>468</xmin>
			<ymin>518</ymin>
			<xmax>613</xmax>
			<ymax>624</ymax>
		</bndbox>
	</object>
	<object>
		<name>limette</name>
		<pose>Unspecified</pose>
		<truncated>0</truncated>
		<difficult>0</difficult>
		<bndbox>
			<xmin>61</xmin>
			<ymin>564</ymin>
			<xmax>174</xmax>
			<ymax>661</ymax>
		</bndbox>
	</object>
</annotation>
