<annotation>
	<folder>imagesTeil2</folder>
	<filename>IMG_1140.jpg</filename>
	<path>C:\Users\leons\Downloads\imagesTeil2\IMG_1140.jpg</path>
	<source>
		<database>Unknown</database>
	</source>
	<size>
		<width>768</width>
		<height>1024</height>
		<depth>3</depth>
	</size>
	<segmented>0</segmented>
	<object>
		<name>passionsfrucht</name>
		<pose>Unspecified</pose>
		<truncated>0</truncated>
		<difficult>0</difficult>
		<bndbox>
			<xmin>79</xmin>
			<ymin>591</ymin>
			<xmax>282</xmax>
			<ymax>776</ymax>
		</bndbox>
	</object>
	<object>
		<name>passionsfrucht</name>
		<pose>Unspecified</pose>
		<truncated>0</truncated>
		<difficult>0</difficult>
		<bndbox>
			<xmin>519</xmin>
			<ymin>535</ymin>
			<xmax>656</xmax>
			<ymax>657</ymax>
		</bndbox>
	</object>
</annotation>
