<annotation>
	<folder>imagesTeil2</folder>
	<filename>IMG_1173.jpg</filename>
	<path>C:\Users\leons\Downloads\imagesTeil2\IMG_1173.jpg</path>
	<source>
		<database>Unknown</database>
	</source>
	<size>
		<width>768</width>
		<height>1024</height>
		<depth>3</depth>
	</size>
	<segmented>0</segmented>
	<object>
		<name>zitrone</name>
		<pose>Unspecified</pose>
		<truncated>0</truncated>
		<difficult>0</difficult>
		<bndbox>
			<xmin>97</xmin>
			<ymin>652</ymin>
			<xmax>282</xmax>
			<ymax>807</ymax>
		</bndbox>
	</object>
	<object>
		<name>passionsfrucht</name>
		<pose>Unspecified</pose>
		<truncated>0</truncated>
		<difficult>0</difficult>
		<bndbox>
			<xmin>533</xmin>
			<ymin>614</ymin>
			<xmax>687</xmax>
			<ymax>757</ymax>
		</bndbox>
	</object>
	<object>
		<name>kiwi</name>
		<pose>Unspecified</pose>
		<truncated>0</truncated>
		<difficult>0</difficult>
		<bndbox>
			<xmin>400</xmin>
			<ymin>578</ymin>
			<xmax>527</xmax>
			<ymax>664</ymax>
		</bndbox>
	</object>
</annotation>
