<annotation>
	<folder>imagesTeil2</folder>
	<filename>IMG_1305.jpg</filename>
	<path>C:\Users\leons\Downloads\imagesTeil2\IMG_1305.jpg</path>
	<source>
		<database>Unknown</database>
	</source>
	<size>
		<width>768</width>
		<height>1024</height>
		<depth>3</depth>
	</size>
	<segmented>0</segmented>
	<object>
		<name>kiwi</name>
		<pose>Unspecified</pose>
		<truncated>0</truncated>
		<difficult>0</difficult>
		<bndbox>
			<xmin>539</xmin>
			<ymin>409</ymin>
			<xmax>695</xmax>
			<ymax>554</ymax>
		</bndbox>
	</object>
	<object>
		<name>zitrone</name>
		<pose>Unspecified</pose>
		<truncated>0</truncated>
		<difficult>0</difficult>
		<bndbox>
			<xmin>392</xmin>
			<ymin>388</ymin>
			<xmax>524</xmax>
			<ymax>512</ymax>
		</bndbox>
	</object>
	<object>
		<name>limette</name>
		<pose>Unspecified</pose>
		<truncated>0</truncated>
		<difficult>0</difficult>
		<bndbox>
			<xmin>211</xmin>
			<ymin>422</ymin>
			<xmax>307</xmax>
			<ymax>508</ymax>
		</bndbox>
	</object>
	<object>
		<name>zwetschge</name>
		<pose>Unspecified</pose>
		<truncated>0</truncated>
		<difficult>0</difficult>
		<bndbox>
			<xmin>34</xmin>
			<ymin>591</ymin>
			<xmax>173</xmax>
			<ymax>705</ymax>
		</bndbox>
	</object>
</annotation>
