<annotation>
	<folder>imagesTeil2</folder>
	<filename>IMG_1301.jpg</filename>
	<path>C:\Users\leons\Downloads\imagesTeil2\IMG_1301.jpg</path>
	<source>
		<database>Unknown</database>
	</source>
	<size>
		<width>768</width>
		<height>1024</height>
		<depth>3</depth>
	</size>
	<segmented>0</segmented>
	<object>
		<name>limette</name>
		<pose>Unspecified</pose>
		<truncated>1</truncated>
		<difficult>0</difficult>
		<bndbox>
			<xmin>1</xmin>
			<ymin>497</ymin>
			<xmax>37</xmax>
			<ymax>561</ymax>
		</bndbox>
	</object>
	<object>
		<name>limette</name>
		<pose>Unspecified</pose>
		<truncated>0</truncated>
		<difficult>0</difficult>
		<bndbox>
			<xmin>419</xmin>
			<ymin>497</ymin>
			<xmax>513</xmax>
			<ymax>585</ymax>
		</bndbox>
	</object>
	<object>
		<name>zitrone</name>
		<pose>Unspecified</pose>
		<truncated>0</truncated>
		<difficult>0</difficult>
		<bndbox>
			<xmin>531</xmin>
			<ymin>484</ymin>
			<xmax>674</xmax>
			<ymax>618</ymax>
		</bndbox>
	</object>
	<object>
		<name>zwetschge</name>
		<pose>Unspecified</pose>
		<truncated>0</truncated>
		<difficult>0</difficult>
		<bndbox>
			<xmin>116</xmin>
			<ymin>691</ymin>
			<xmax>241</xmax>
			<ymax>829</ymax>
		</bndbox>
	</object>
</annotation>
