<annotation>
	<folder>imagesTeil2</folder>
	<filename>IMG_1170.jpg</filename>
	<path>C:\Users\leons\Downloads\imagesTeil2\IMG_1170.jpg</path>
	<source>
		<database>Unknown</database>
	</source>
	<size>
		<width>768</width>
		<height>1024</height>
		<depth>3</depth>
	</size>
	<segmented>0</segmented>
	<object>
		<name>passionsfrucht</name>
		<pose>Unspecified</pose>
		<truncated>0</truncated>
		<difficult>0</difficult>
		<bndbox>
			<xmin>66</xmin>
			<ymin>638</ymin>
			<xmax>250</xmax>
			<ymax>819</ymax>
		</bndbox>
	</object>
	<object>
		<name>passionsfrucht</name>
		<pose>Unspecified</pose>
		<truncated>0</truncated>
		<difficult>0</difficult>
		<bndbox>
			<xmin>553</xmin>
			<ymin>586</ymin>
			<xmax>678</xmax>
			<ymax>708</ymax>
		</bndbox>
	</object>
	<object>
		<name>zitrone</name>
		<pose>Unspecified</pose>
		<truncated>0</truncated>
		<difficult>0</difficult>
		<bndbox>
			<xmin>426</xmin>
			<ymin>555</ymin>
			<xmax>541</xmax>
			<ymax>655</ymax>
		</bndbox>
	</object>
</annotation>
