<annotation>
	<folder>imagesTeil2</folder>
	<filename>IMG_1118.jpg</filename>
	<path>C:\Users\leons\Downloads\imagesTeil2\IMG_1118.jpg</path>
	<source>
		<database>Unknown</database>
	</source>
	<size>
		<width>768</width>
		<height>1024</height>
		<depth>3</depth>
	</size>
	<segmented>0</segmented>
	<object>
		<name>zitrone</name>
		<pose>Unspecified</pose>
		<truncated>0</truncated>
		<difficult>0</difficult>
		<bndbox>
			<xmin>31</xmin>
			<ymin>593</ymin>
			<xmax>178</xmax>
			<ymax>722</ymax>
		</bndbox>
	</object>
	<object>
		<name>passionsfrucht</name>
		<pose>Unspecified</pose>
		<truncated>0</truncated>
		<difficult>0</difficult>
		<bndbox>
			<xmin>252</xmin>
			<ymin>546</ymin>
			<xmax>369</xmax>
			<ymax>659</ymax>
		</bndbox>
	</object>
	<object>
		<name>passionsfrucht</name>
		<pose>Unspecified</pose>
		<truncated>0</truncated>
		<difficult>0</difficult>
		<bndbox>
			<xmin>402</xmin>
			<ymin>557</ymin>
			<xmax>525</xmax>
			<ymax>671</ymax>
		</bndbox>
	</object>
	<object>
		<name>limette</name>
		<pose>Unspecified</pose>
		<truncated>0</truncated>
		<difficult>0</difficult>
		<bndbox>
			<xmin>612</xmin>
			<ymin>596</ymin>
			<xmax>735</xmax>
			<ymax>710</ymax>
		</bndbox>
	</object>
</annotation>
