<annotation>
	<folder>imagesTeil2</folder>
	<filename>IMG_1214.jpg</filename>
	<path>C:\Users\leons\Downloads\imagesTeil2\IMG_1214.jpg</path>
	<source>
		<database>Unknown</database>
	</source>
	<size>
		<width>768</width>
		<height>1024</height>
		<depth>3</depth>
	</size>
	<segmented>0</segmented>
	<object>
		<name>zitrone</name>
		<pose>Unspecified</pose>
		<truncated>0</truncated>
		<difficult>0</difficult>
		<bndbox>
			<xmin>567</xmin>
			<ymin>486</ymin>
			<xmax>684</xmax>
			<ymax>588</ymax>
		</bndbox>
	</object>
	<object>
		<name>zitrone</name>
		<pose>Unspecified</pose>
		<truncated>0</truncated>
		<difficult>0</difficult>
		<bndbox>
			<xmin>47</xmin>
			<ymin>568</ymin>
			<xmax>292</xmax>
			<ymax>794</ymax>
		</bndbox>
	</object>
	<object>
		<name>limette</name>
		<pose>Unspecified</pose>
		<truncated>0</truncated>
		<difficult>0</difficult>
		<bndbox>
			<xmin>253</xmin>
			<ymin>473</ymin>
			<xmax>330</xmax>
			<ymax>543</ymax>
		</bndbox>
	</object>
</annotation>
