<annotation>
	<folder>imagesTeil2</folder>
	<filename>IMG_1145.jpg</filename>
	<path>C:\Users\leons\Downloads\imagesTeil2\IMG_1145.jpg</path>
	<source>
		<database>Unknown</database>
	</source>
	<size>
		<width>768</width>
		<height>1024</height>
		<depth>3</depth>
	</size>
	<segmented>0</segmented>
	<object>
		<name>zwetschge</name>
		<pose>Unspecified</pose>
		<truncated>0</truncated>
		<difficult>0</difficult>
		<bndbox>
			<xmin>44</xmin>
			<ymin>764</ymin>
			<xmax>206</xmax>
			<ymax>942</ymax>
		</bndbox>
	</object>
	<object>
		<name>zitrone</name>
		<pose>Unspecified</pose>
		<truncated>0</truncated>
		<difficult>0</difficult>
		<bndbox>
			<xmin>427</xmin>
			<ymin>533</ymin>
			<xmax>576</xmax>
			<ymax>691</ymax>
		</bndbox>
	</object>
	<object>
		<name>passionsfrucht</name>
		<pose>Unspecified</pose>
		<truncated>0</truncated>
		<difficult>0</difficult>
		<bndbox>
			<xmin>304</xmin>
			<ymin>507</ymin>
			<xmax>411</xmax>
			<ymax>615</ymax>
		</bndbox>
	</object>
</annotation>
