<annotation>
	<folder>imagesTeil2</folder>
	<filename>IMG_1109.jpg</filename>
	<path>C:\Users\leons\Downloads\imagesTeil2\IMG_1109.jpg</path>
	<source>
		<database>Unknown</database>
	</source>
	<size>
		<width>768</width>
		<height>1024</height>
		<depth>3</depth>
	</size>
	<segmented>0</segmented>
	<object>
		<name>zitrone</name>
		<pose>Unspecified</pose>
		<truncated>0</truncated>
		<difficult>0</difficult>
		<bndbox>
			<xmin>85</xmin>
			<ymin>550</ymin>
			<xmax>238</xmax>
			<ymax>668</ymax>
		</bndbox>
	</object>
	<object>
		<name>limette</name>
		<pose>Unspecified</pose>
		<truncated>0</truncated>
		<difficult>0</difficult>
		<bndbox>
			<xmin>605</xmin>
			<ymin>567</ymin>
			<xmax>715</xmax>
			<ymax>667</ymax>
		</bndbox>
	</object>
	<object>
		<name>kiwi</name>
		<pose>Unspecified</pose>
		<truncated>0</truncated>
		<difficult>0</difficult>
		<bndbox>
			<xmin>207</xmin>
			<ymin>599</ymin>
			<xmax>387</xmax>
			<ymax>751</ymax>
		</bndbox>
	</object>
	<object>
		<name>kiwi</name>
		<pose>Unspecified</pose>
		<truncated>0</truncated>
		<difficult>0</difficult>
		<bndbox>
			<xmin>389</xmin>
			<ymin>542</ymin>
			<xmax>539</xmax>
			<ymax>639</ymax>
		</bndbox>
	</object>
</annotation>
