<annotation>
	<folder>imagesTeil2</folder>
	<filename>IMG_1312.jpg</filename>
	<path>C:\Users\leons\Downloads\imagesTeil2\IMG_1312.jpg</path>
	<source>
		<database>Unknown</database>
	</source>
	<size>
		<width>768</width>
		<height>1024</height>
		<depth>3</depth>
	</size>
	<segmented>0</segmented>
	<object>
		<name>passionsfrucht</name>
		<pose>Unspecified</pose>
		<truncated>0</truncated>
		<difficult>0</difficult>
		<bndbox>
			<xmin>531</xmin>
			<ymin>332</ymin>
			<xmax>661</xmax>
			<ymax>448</ymax>
		</bndbox>
	</object>
	<object>
		<name>limette</name>
		<pose>Unspecified</pose>
		<truncated>0</truncated>
		<difficult>0</difficult>
		<bndbox>
			<xmin>550</xmin>
			<ymin>436</ymin>
			<xmax>727</xmax>
			<ymax>590</ymax>
		</bndbox>
	</object>
	<object>
		<name>limette</name>
		<pose>Unspecified</pose>
		<truncated>0</truncated>
		<difficult>0</difficult>
		<bndbox>
			<xmin>8</xmin>
			<ymin>545</ymin>
			<xmax>172</xmax>
			<ymax>703</ymax>
		</bndbox>
	</object>
	<object>
		<name>zitrone</name>
		<pose>Unspecified</pose>
		<truncated>0</truncated>
		<difficult>0</difficult>
		<bndbox>
			<xmin>176</xmin>
			<ymin>396</ymin>
			<xmax>336</xmax>
			<ymax>531</ymax>
		</bndbox>
	</object>
</annotation>
