<annotation>
	<folder>imagesTeil2</folder>
	<filename>IMG_1191.jpg</filename>
	<path>C:\Users\leons\Downloads\imagesTeil2\IMG_1191.jpg</path>
	<source>
		<database>Unknown</database>
	</source>
	<size>
		<width>768</width>
		<height>1024</height>
		<depth>3</depth>
	</size>
	<segmented>0</segmented>
	<object>
		<name>zwetschge</name>
		<pose>Unspecified</pose>
		<truncated>0</truncated>
		<difficult>0</difficult>
		<bndbox>
			<xmin>79</xmin>
			<ymin>692</ymin>
			<xmax>209</xmax>
			<ymax>794</ymax>
		</bndbox>
	</object>
	<object>
		<name>zwetschge</name>
		<pose>Unspecified</pose>
		<truncated>0</truncated>
		<difficult>0</difficult>
		<bndbox>
			<xmin>519</xmin>
			<ymin>618</ymin>
			<xmax>614</xmax>
			<ymax>696</ymax>
		</bndbox>
	</object>
	<object>
		<name>passionsfrucht</name>
		<pose>Unspecified</pose>
		<truncated>0</truncated>
		<difficult>0</difficult>
		<bndbox>
			<xmin>409</xmin>
			<ymin>539</ymin>
			<xmax>522</xmax>
			<ymax>644</ymax>
		</bndbox>
	</object>
	<object>
		<name>zitrone</name>
		<pose>Unspecified</pose>
		<truncated>0</truncated>
		<difficult>0</difficult>
		<bndbox>
			<xmin>234</xmin>
			<ymin>544</ymin>
			<xmax>366</xmax>
			<ymax>657</ymax>
		</bndbox>
	</object>
</annotation>
