<annotation>
	<folder>imagesTeil2</folder>
	<filename>IMG_1280.jpg</filename>
	<path>C:\Users\leons\Downloads\imagesTeil2\IMG_1280.jpg</path>
	<source>
		<database>Unknown</database>
	</source>
	<size>
		<width>768</width>
		<height>1024</height>
		<depth>3</depth>
	</size>
	<segmented>0</segmented>
	<object>
		<name>zitrone</name>
		<pose>Unspecified</pose>
		<truncated>0</truncated>
		<difficult>0</difficult>
		<bndbox>
			<xmin>535</xmin>
			<ymin>411</ymin>
			<xmax>678</xmax>
			<ymax>535</ymax>
		</bndbox>
	</object>
	<object>
		<name>zitrone</name>
		<pose>Unspecified</pose>
		<truncated>0</truncated>
		<difficult>0</difficult>
		<bndbox>
			<xmin>63</xmin>
			<ymin>505</ymin>
			<xmax>225</xmax>
			<ymax>650</ymax>
		</bndbox>
	</object>
	<object>
		<name>zwetschge</name>
		<pose>Unspecified</pose>
		<truncated>0</truncated>
		<difficult>0</difficult>
		<bndbox>
			<xmin>107</xmin>
			<ymin>723</ymin>
			<xmax>322</xmax>
			<ymax>898</ymax>
		</bndbox>
	</object>
</annotation>
