<annotation>
	<folder>imagesTeil1</folder>
	<filename>IMG_0687.jpg</filename>
	<path>C:\Projekte\MaturaPiCar\MachineLearning\ImagesMatura23\imagesGesplitted\imagesTeil1\IMG_0687.jpg</path>
	<source>
		<database>Unknown</database>
	</source>
	<size>
		<width>768</width>
		<height>1024</height>
		<depth>3</depth>
	</size>
	<segmented>0</segmented>
	<object>
		<name>passionsfrucht</name>
		<pose>Unspecified</pose>
		<truncated>0</truncated>
		<difficult>0</difficult>
		<bndbox>
			<xmin>558</xmin>
			<ymin>49</ymin>
			<xmax>672</xmax>
			<ymax>183</ymax>
		</bndbox>
	</object>
	<object>
		<name>limette</name>
		<pose>Unspecified</pose>
		<truncated>0</truncated>
		<difficult>0</difficult>
		<bndbox>
			<xmin>154</xmin>
			<ymin>73</ymin>
			<xmax>262</xmax>
			<ymax>184</ymax>
		</bndbox>
	</object>
	<object>
		<name>kiwi</name>
		<pose>Unspecified</pose>
		<truncated>0</truncated>
		<difficult>0</difficult>
		<bndbox>
			<xmin>285</xmin>
			<ymin>344</ymin>
			<xmax>453</xmax>
			<ymax>472</ymax>
		</bndbox>
	</object>
	<object>
		<name>zitrone</name>
		<pose>Unspecified</pose>
		<truncated>0</truncated>
		<difficult>0</difficult>
		<bndbox>
			<xmin>428</xmin>
			<ymin>640</ymin>
			<xmax>550</xmax>
			<ymax>810</ymax>
		</bndbox>
	</object>
	<object>
		<name>zwetschge</name>
		<pose>Unspecified</pose>
		<truncated>0</truncated>
		<difficult>0</difficult>
		<bndbox>
			<xmin>101</xmin>
			<ymin>627</ymin>
			<xmax>183</xmax>
			<ymax>726</ymax>
		</bndbox>
	</object>
</annotation>
