<annotation>
	<folder>imagesTeil2</folder>
	<filename>IMG_1082.jpg</filename>
	<path>C:\Users\leons\Downloads\imagesTeil2\IMG_1082.jpg</path>
	<source>
		<database>Unknown</database>
	</source>
	<size>
		<width>768</width>
		<height>1024</height>
		<depth>3</depth>
	</size>
	<segmented>0</segmented>
	<object>
		<name>passionsfrucht</name>
		<pose>Unspecified</pose>
		<truncated>0</truncated>
		<difficult>0</difficult>
		<bndbox>
			<xmin>548</xmin>
			<ymin>479</ymin>
			<xmax>726</xmax>
			<ymax>649</ymax>
		</bndbox>
	</object>
	<object>
		<name>zwetschge</name>
		<pose>Unspecified</pose>
		<truncated>0</truncated>
		<difficult>0</difficult>
		<bndbox>
			<xmin>391</xmin>
			<ymin>553</ymin>
			<xmax>515</xmax>
			<ymax>651</ymax>
		</bndbox>
	</object>
	<object>
		<name>zitrone</name>
		<pose>Unspecified</pose>
		<truncated>0</truncated>
		<difficult>0</difficult>
		<bndbox>
			<xmin>358</xmin>
			<ymin>411</ymin>
			<xmax>491</xmax>
			<ymax>527</ymax>
		</bndbox>
	</object>
	<object>
		<name>zitrone</name>
		<pose>Unspecified</pose>
		<truncated>0</truncated>
		<difficult>0</difficult>
		<bndbox>
			<xmin>153</xmin>
			<ymin>437</ymin>
			<xmax>299</xmax>
			<ymax>553</ymax>
		</bndbox>
	</object>
</annotation>
