<annotation>
	<folder>imagesTeil2</folder>
	<filename>IMG_1176.jpg</filename>
	<path>C:\Users\leons\Downloads\imagesTeil2\IMG_1176.jpg</path>
	<source>
		<database>Unknown</database>
	</source>
	<size>
		<width>768</width>
		<height>1024</height>
		<depth>3</depth>
	</size>
	<segmented>0</segmented>
	<object>
		<name>zitrone</name>
		<pose>Unspecified</pose>
		<truncated>0</truncated>
		<difficult>0</difficult>
		<bndbox>
			<xmin>87</xmin>
			<ymin>538</ymin>
			<xmax>222</xmax>
			<ymax>655</ymax>
		</bndbox>
	</object>
	<object>
		<name>limette</name>
		<pose>Unspecified</pose>
		<truncated>0</truncated>
		<difficult>0</difficult>
		<bndbox>
			<xmin>486</xmin>
			<ymin>529</ymin>
			<xmax>568</xmax>
			<ymax>599</ymax>
		</bndbox>
	</object>
	<object>
		<name>kiwi</name>
		<pose>Unspecified</pose>
		<truncated>0</truncated>
		<difficult>0</difficult>
		<bndbox>
			<xmin>498</xmin>
			<ymin>615</ymin>
			<xmax>749</xmax>
			<ymax>826</ymax>
		</bndbox>
	</object>
</annotation>
