<annotation>
	<folder>imagesTeil2</folder>
	<filename>IMG_1117.jpg</filename>
	<path>C:\Users\leons\Downloads\imagesTeil2\IMG_1117.jpg</path>
	<source>
		<database>Unknown</database>
	</source>
	<size>
		<width>768</width>
		<height>1024</height>
		<depth>3</depth>
	</size>
	<segmented>0</segmented>
	<object>
		<name>passionsfrucht</name>
		<pose>Unspecified</pose>
		<truncated>0</truncated>
		<difficult>0</difficult>
		<bndbox>
			<xmin>607</xmin>
			<ymin>602</ymin>
			<xmax>759</xmax>
			<ymax>740</ymax>
		</bndbox>
	</object>
	<object>
		<name>passionsfrucht</name>
		<pose>Unspecified</pose>
		<truncated>0</truncated>
		<difficult>0</difficult>
		<bndbox>
			<xmin>13</xmin>
			<ymin>613</ymin>
			<xmax>178</xmax>
			<ymax>759</ymax>
		</bndbox>
	</object>
	<object>
		<name>zitrone</name>
		<pose>Unspecified</pose>
		<truncated>0</truncated>
		<difficult>0</difficult>
		<bndbox>
			<xmin>389</xmin>
			<ymin>607</ymin>
			<xmax>512</xmax>
			<ymax>731</ymax>
		</bndbox>
	</object>
	<object>
		<name>limette</name>
		<pose>Unspecified</pose>
		<truncated>0</truncated>
		<difficult>0</difficult>
		<bndbox>
			<xmin>246</xmin>
			<ymin>594</ymin>
			<xmax>342</xmax>
			<ymax>689</ymax>
		</bndbox>
	</object>
</annotation>
