<annotation>
	<folder>imagesTeil2</folder>
	<filename>IMG_1080.jpg</filename>
	<path>C:\Users\leons\Downloads\imagesTeil2\IMG_1080.jpg</path>
	<source>
		<database>Unknown</database>
	</source>
	<size>
		<width>768</width>
		<height>1024</height>
		<depth>3</depth>
	</size>
	<segmented>0</segmented>
	<object>
		<name>zitrone</name>
		<pose>Unspecified</pose>
		<truncated>0</truncated>
		<difficult>0</difficult>
		<bndbox>
			<xmin>45</xmin>
			<ymin>466</ymin>
			<xmax>226</xmax>
			<ymax>618</ymax>
		</bndbox>
	</object>
	<object>
		<name>zwetschge</name>
		<pose>Unspecified</pose>
		<truncated>0</truncated>
		<difficult>0</difficult>
		<bndbox>
			<xmin>358</xmin>
			<ymin>515</ymin>
			<xmax>450</xmax>
			<ymax>583</ymax>
		</bndbox>
	</object>
	<object>
		<name>passionsfrucht</name>
		<pose>Unspecified</pose>
		<truncated>0</truncated>
		<difficult>0</difficult>
		<bndbox>
			<xmin>475</xmin>
			<ymin>455</ymin>
			<xmax>604</xmax>
			<ymax>578</ymax>
		</bndbox>
	</object>
</annotation>
