<annotation>
	<folder>imagesTeil2</folder>
	<filename>IMG_1237.jpg</filename>
	<path>C:\Users\leons\Downloads\imagesTeil2\IMG_1237.jpg</path>
	<source>
		<database>Unknown</database>
	</source>
	<size>
		<width>768</width>
		<height>1024</height>
		<depth>3</depth>
	</size>
	<segmented>0</segmented>
	<object>
		<name>zwetschge</name>
		<pose>Unspecified</pose>
		<truncated>0</truncated>
		<difficult>0</difficult>
		<bndbox>
			<xmin>573</xmin>
			<ymin>585</ymin>
			<xmax>654</xmax>
			<ymax>668</ymax>
		</bndbox>
	</object>
	<object>
		<name>zwetschge</name>
		<pose>Unspecified</pose>
		<truncated>0</truncated>
		<difficult>0</difficult>
		<bndbox>
			<xmin>55</xmin>
			<ymin>686</ymin>
			<xmax>235</xmax>
			<ymax>821</ymax>
		</bndbox>
	</object>
	<object>
		<name>kiwi</name>
		<pose>Unspecified</pose>
		<truncated>0</truncated>
		<difficult>0</difficult>
		<bndbox>
			<xmin>36</xmin>
			<ymin>501</ymin>
			<xmax>247</xmax>
			<ymax>650</ymax>
		</bndbox>
	</object>
	<object>
		<name>kiwi</name>
		<pose>Unspecified</pose>
		<truncated>0</truncated>
		<difficult>0</difficult>
		<bndbox>
			<xmin>449</xmin>
			<ymin>492</ymin>
			<xmax>541</xmax>
			<ymax>595</ymax>
		</bndbox>
	</object>
</annotation>
