<annotation>
	<folder>imagesTeil2</folder>
	<filename>IMG_1325.jpg</filename>
	<path>C:\Users\leons\Downloads\imagesTeil2\IMG_1325.jpg</path>
	<source>
		<database>Unknown</database>
	</source>
	<size>
		<width>768</width>
		<height>1024</height>
		<depth>3</depth>
	</size>
	<segmented>0</segmented>
	<object>
		<name>kiwi</name>
		<pose>Unspecified</pose>
		<truncated>0</truncated>
		<difficult>0</difficult>
		<bndbox>
			<xmin>433</xmin>
			<ymin>276</ymin>
			<xmax>556</xmax>
			<ymax>434</ymax>
		</bndbox>
	</object>
	<object>
		<name>limette</name>
		<pose>Unspecified</pose>
		<truncated>0</truncated>
		<difficult>0</difficult>
		<bndbox>
			<xmin>312</xmin>
			<ymin>637</ymin>
			<xmax>400</xmax>
			<ymax>735</ymax>
		</bndbox>
	</object>
	<object>
		<name>zwetschge</name>
		<pose>Unspecified</pose>
		<truncated>0</truncated>
		<difficult>0</difficult>
		<bndbox>
			<xmin>288</xmin>
			<ymin>488</ymin>
			<xmax>352</xmax>
			<ymax>569</ymax>
		</bndbox>
	</object>
	<object>
		<name>zitrone</name>
		<pose>Unspecified</pose>
		<truncated>0</truncated>
		<difficult>0</difficult>
		<bndbox>
			<xmin>88</xmin>
			<ymin>290</ymin>
			<xmax>209</xmax>
			<ymax>429</ymax>
		</bndbox>
	</object>
</annotation>
