<annotation>
	<folder>imagesTeil2</folder>
	<filename>IMG_1255.jpg</filename>
	<path>C:\Users\leons\Downloads\imagesTeil2\IMG_1255.jpg</path>
	<source>
		<database>Unknown</database>
	</source>
	<size>
		<width>768</width>
		<height>1024</height>
		<depth>3</depth>
	</size>
	<segmented>0</segmented>
	<object>
		<name>kiwi</name>
		<pose>Unspecified</pose>
		<truncated>0</truncated>
		<difficult>0</difficult>
		<bndbox>
			<xmin>607</xmin>
			<ymin>488</ymin>
			<xmax>767</xmax>
			<ymax>653</ymax>
		</bndbox>
	</object>
	<object>
		<name>passionsfrucht</name>
		<pose>Unspecified</pose>
		<truncated>0</truncated>
		<difficult>0</difficult>
		<bndbox>
			<xmin>287</xmin>
			<ymin>446</ymin>
			<xmax>412</xmax>
			<ymax>565</ymax>
		</bndbox>
	</object>
	<object>
		<name>passionsfrucht</name>
		<pose>Unspecified</pose>
		<truncated>0</truncated>
		<difficult>0</difficult>
		<bndbox>
			<xmin>29</xmin>
			<ymin>435</ymin>
			<xmax>176</xmax>
			<ymax>563</ymax>
		</bndbox>
	</object>
</annotation>
