<annotation>
	<folder>imagesTeil2</folder>
	<filename>IMG_1322.jpg</filename>
	<path>C:\Users\leons\Downloads\imagesTeil2\IMG_1322.jpg</path>
	<source>
		<database>Unknown</database>
	</source>
	<size>
		<width>768</width>
		<height>1024</height>
		<depth>3</depth>
	</size>
	<segmented>0</segmented>
	<object>
		<name>zitrone</name>
		<pose>Unspecified</pose>
		<truncated>0</truncated>
		<difficult>0</difficult>
		<bndbox>
			<xmin>470</xmin>
			<ymin>331</ymin>
			<xmax>585</xmax>
			<ymax>469</ymax>
		</bndbox>
	</object>
	<object>
		<name>zwetschge</name>
		<pose>Unspecified</pose>
		<truncated>0</truncated>
		<difficult>0</difficult>
		<bndbox>
			<xmin>462</xmin>
			<ymin>568</ymin>
			<xmax>545</xmax>
			<ymax>630</ymax>
		</bndbox>
	</object>
	<object>
		<name>passionsfrucht</name>
		<pose>Unspecified</pose>
		<truncated>0</truncated>
		<difficult>0</difficult>
		<bndbox>
			<xmin>262</xmin>
			<ymin>641</ymin>
			<xmax>383</xmax>
			<ymax>758</ymax>
		</bndbox>
	</object>
	<object>
		<name>zitrone</name>
		<pose>Unspecified</pose>
		<truncated>0</truncated>
		<difficult>0</difficult>
		<bndbox>
			<xmin>177</xmin>
			<ymin>335</ymin>
			<xmax>299</xmax>
			<ymax>435</ymax>
		</bndbox>
	</object>
</annotation>
