<annotation>
	<folder>imagesTeil2</folder>
	<filename>IMG_1353.jpg</filename>
	<path>C:\Users\leons\Downloads\imagesTeil2\IMG_1353.jpg</path>
	<source>
		<database>Unknown</database>
	</source>
	<size>
		<width>768</width>
		<height>1024</height>
		<depth>3</depth>
	</size>
	<segmented>0</segmented>
	<object>
		<name>passionsfrucht</name>
		<pose>Unspecified</pose>
		<truncated>0</truncated>
		<difficult>0</difficult>
		<bndbox>
			<xmin>586</xmin>
			<ymin>282</ymin>
			<xmax>742</xmax>
			<ymax>439</ymax>
		</bndbox>
	</object>
	<object>
		<name>passionsfrucht</name>
		<pose>Unspecified</pose>
		<truncated>0</truncated>
		<difficult>0</difficult>
		<bndbox>
			<xmin>251</xmin>
			<ymin>261</ymin>
			<xmax>399</xmax>
			<ymax>410</ymax>
		</bndbox>
	</object>
	<object>
		<name>limette</name>
		<pose>Unspecified</pose>
		<truncated>0</truncated>
		<difficult>0</difficult>
		<bndbox>
			<xmin>240</xmin>
			<ymin>464</ymin>
			<xmax>375</xmax>
			<ymax>584</ymax>
		</bndbox>
	</object>
	<object>
		<name>limette</name>
		<pose>Unspecified</pose>
		<truncated>0</truncated>
		<difficult>0</difficult>
		<bndbox>
			<xmin>329</xmin>
			<ymin>140</ymin>
			<xmax>438</xmax>
			<ymax>256</ymax>
		</bndbox>
	</object>
</annotation>
