<annotation>
	<folder>imagesTeil2</folder>
	<filename>IMG_1358.jpg</filename>
	<path>C:\Users\leons\Downloads\imagesTeil2\IMG_1358.jpg</path>
	<source>
		<database>Unknown</database>
	</source>
	<size>
		<width>768</width>
		<height>1024</height>
		<depth>3</depth>
	</size>
	<segmented>0</segmented>
	<object>
		<name>zitrone</name>
		<pose>Unspecified</pose>
		<truncated>0</truncated>
		<difficult>0</difficult>
		<bndbox>
			<xmin>416</xmin>
			<ymin>554</ymin>
			<xmax>612</xmax>
			<ymax>707</ymax>
		</bndbox>
	</object>
	<object>
		<name>passionsfrucht</name>
		<pose>Unspecified</pose>
		<truncated>0</truncated>
		<difficult>0</difficult>
		<bndbox>
			<xmin>533</xmin>
			<ymin>360</ymin>
			<xmax>691</xmax>
			<ymax>518</ymax>
		</bndbox>
	</object>
	<object>
		<name>limette</name>
		<pose>Unspecified</pose>
		<truncated>0</truncated>
		<difficult>0</difficult>
		<bndbox>
			<xmin>159</xmin>
			<ymin>254</ymin>
			<xmax>288</xmax>
			<ymax>376</ymax>
		</bndbox>
	</object>
	<object>
		<name>passionsfrucht</name>
		<pose>Unspecified</pose>
		<truncated>0</truncated>
		<difficult>0</difficult>
		<bndbox>
			<xmin>277</xmin>
			<ymin>80</ymin>
			<xmax>426</xmax>
			<ymax>231</ymax>
		</bndbox>
	</object>
</annotation>
