<annotation>
	<folder>imagesTeil2</folder>
	<filename>IMG_1392.jpg</filename>
	<path>C:\Users\leons\Downloads\imagesTeil2\IMG_1392.jpg</path>
	<source>
		<database>Unknown</database>
	</source>
	<size>
		<width>768</width>
		<height>1024</height>
		<depth>3</depth>
	</size>
	<segmented>0</segmented>
	<object>
		<name>zitrone</name>
		<pose>Unspecified</pose>
		<truncated>0</truncated>
		<difficult>0</difficult>
		<bndbox>
			<xmin>446</xmin>
			<ymin>348</ymin>
			<xmax>623</xmax>
			<ymax>535</ymax>
		</bndbox>
	</object>
	<object>
		<name>kiwi</name>
		<pose>Unspecified</pose>
		<truncated>0</truncated>
		<difficult>0</difficult>
		<bndbox>
			<xmin>358</xmin>
			<ymin>556</ymin>
			<xmax>526</xmax>
			<ymax>784</ymax>
		</bndbox>
	</object>
	<object>
		<name>passionsfrucht</name>
		<pose>Unspecified</pose>
		<truncated>0</truncated>
		<difficult>0</difficult>
		<bndbox>
			<xmin>188</xmin>
			<ymin>531</ymin>
			<xmax>335</xmax>
			<ymax>695</ymax>
		</bndbox>
	</object>
	<object>
		<name>limette</name>
		<pose>Unspecified</pose>
		<truncated>0</truncated>
		<difficult>0</difficult>
		<bndbox>
			<xmin>89</xmin>
			<ymin>213</ymin>
			<xmax>227</xmax>
			<ymax>345</ymax>
		</bndbox>
	</object>
</annotation>
