<annotation>
	<folder>imagesTeil2</folder>
	<filename>IMG_1379.jpg</filename>
	<path>C:\Users\leons\Downloads\imagesTeil2\IMG_1379.jpg</path>
	<source>
		<database>Unknown</database>
	</source>
	<size>
		<width>768</width>
		<height>1024</height>
		<depth>3</depth>
	</size>
	<segmented>0</segmented>
	<object>
		<name>kiwi</name>
		<pose>Unspecified</pose>
		<truncated>0</truncated>
		<difficult>0</difficult>
		<bndbox>
			<xmin>460</xmin>
			<ymin>477</ymin>
			<xmax>648</xmax>
			<ymax>724</ymax>
		</bndbox>
	</object>
	<object>
		<name>zitrone</name>
		<pose>Unspecified</pose>
		<truncated>0</truncated>
		<difficult>0</difficult>
		<bndbox>
			<xmin>268</xmin>
			<ymin>592</ymin>
			<xmax>452</xmax>
			<ymax>826</ymax>
		</bndbox>
	</object>
	<object>
		<name>zwetschge</name>
		<pose>Unspecified</pose>
		<truncated>0</truncated>
		<difficult>0</difficult>
		<bndbox>
			<xmin>146</xmin>
			<ymin>544</ymin>
			<xmax>238</xmax>
			<ymax>683</ymax>
		</bndbox>
	</object>
	<object>
		<name>passionsfrucht</name>
		<pose>Unspecified</pose>
		<truncated>0</truncated>
		<difficult>0</difficult>
		<bndbox>
			<xmin>325</xmin>
			<ymin>211</ymin>
			<xmax>506</xmax>
			<ymax>397</ymax>
		</bndbox>
	</object>
</annotation>
