<annotation>
	<folder>imagesTeil2</folder>
	<filename>IMG_1295.jpg</filename>
	<path>C:\Users\leons\Downloads\imagesTeil2\IMG_1295.jpg</path>
	<source>
		<database>Unknown</database>
	</source>
	<size>
		<width>768</width>
		<height>1024</height>
		<depth>3</depth>
	</size>
	<segmented>0</segmented>
	<object>
		<name>zwetschge</name>
		<pose>Unspecified</pose>
		<truncated>0</truncated>
		<difficult>0</difficult>
		<bndbox>
			<xmin>600</xmin>
			<ymin>550</ymin>
			<xmax>748</xmax>
			<ymax>662</ymax>
		</bndbox>
	</object>
	<object>
		<name>kiwi</name>
		<pose>Unspecified</pose>
		<truncated>0</truncated>
		<difficult>0</difficult>
		<bndbox>
			<xmin>544</xmin>
			<ymin>394</ymin>
			<xmax>672</xmax>
			<ymax>512</ymax>
		</bndbox>
	</object>
	<object>
		<name>kiwi</name>
		<pose>Unspecified</pose>
		<truncated>0</truncated>
		<difficult>0</difficult>
		<bndbox>
			<xmin>34</xmin>
			<ymin>504</ymin>
			<xmax>285</xmax>
			<ymax>678</ymax>
		</bndbox>
	</object>
	<object>
		<name>passionsfrucht</name>
		<pose>Unspecified</pose>
		<truncated>0</truncated>
		<difficult>0</difficult>
		<bndbox>
			<xmin>361</xmin>
			<ymin>397</ymin>
			<xmax>476</xmax>
			<ymax>511</ymax>
		</bndbox>
	</object>
</annotation>
