<annotation>
	<folder>imagesTeil2</folder>
	<filename>IMG_1384.jpg</filename>
	<path>C:\Users\leons\Downloads\imagesTeil2\IMG_1384.jpg</path>
	<source>
		<database>Unknown</database>
	</source>
	<size>
		<width>768</width>
		<height>1024</height>
		<depth>3</depth>
	</size>
	<segmented>0</segmented>
	<object>
		<name>zwetschge</name>
		<pose>Unspecified</pose>
		<truncated>0</truncated>
		<difficult>0</difficult>
		<bndbox>
			<xmin>550</xmin>
			<ymin>398</ymin>
			<xmax>658</xmax>
			<ymax>506</ymax>
		</bndbox>
	</object>
	<object>
		<name>zitrone</name>
		<pose>Unspecified</pose>
		<truncated>0</truncated>
		<difficult>0</difficult>
		<bndbox>
			<xmin>381</xmin>
			<ymin>506</ymin>
			<xmax>535</xmax>
			<ymax>702</ymax>
		</bndbox>
	</object>
	<object>
		<name>limette</name>
		<pose>Unspecified</pose>
		<truncated>0</truncated>
		<difficult>0</difficult>
		<bndbox>
			<xmin>212</xmin>
			<ymin>420</ymin>
			<xmax>351</xmax>
			<ymax>543</ymax>
		</bndbox>
	</object>
	<object>
		<name>zwetschge</name>
		<pose>Unspecified</pose>
		<truncated>0</truncated>
		<difficult>0</difficult>
		<bndbox>
			<xmin>201</xmin>
			<ymin>251</ymin>
			<xmax>283</xmax>
			<ymax>349</ymax>
		</bndbox>
	</object>
</annotation>
