<annotation>
	<folder>imagesTeil2</folder>
	<filename>IMG_1337.jpg</filename>
	<path>C:\Users\leons\Downloads\imagesTeil2\IMG_1337.jpg</path>
	<source>
		<database>Unknown</database>
	</source>
	<size>
		<width>768</width>
		<height>1024</height>
		<depth>3</depth>
	</size>
	<segmented>0</segmented>
	<object>
		<name>zitrone</name>
		<pose>Unspecified</pose>
		<truncated>0</truncated>
		<difficult>0</difficult>
		<bndbox>
			<xmin>397</xmin>
			<ymin>201</ymin>
			<xmax>513</xmax>
			<ymax>306</ymax>
		</bndbox>
	</object>
	<object>
		<name>kiwi</name>
		<pose>Unspecified</pose>
		<truncated>0</truncated>
		<difficult>0</difficult>
		<bndbox>
			<xmin>236</xmin>
			<ymin>285</ymin>
			<xmax>389</xmax>
			<ymax>424</ymax>
		</bndbox>
	</object>
	<object>
		<name>kiwi</name>
		<pose>Unspecified</pose>
		<truncated>0</truncated>
		<difficult>0</difficult>
		<bndbox>
			<xmin>636</xmin>
			<ymin>571</ymin>
			<xmax>760</xmax>
			<ymax>730</ymax>
		</bndbox>
	</object>
	<object>
		<name>zwetschge</name>
		<pose>Unspecified</pose>
		<truncated>0</truncated>
		<difficult>0</difficult>
		<bndbox>
			<xmin>389</xmin>
			<ymin>665</ymin>
			<xmax>471</xmax>
			<ymax>745</ymax>
		</bndbox>
	</object>
</annotation>
