<annotation>
	<folder>imagesTeil2</folder>
	<filename>IMG_1367.jpg</filename>
	<path>C:\Users\leons\Downloads\imagesTeil2\IMG_1367.jpg</path>
	<source>
		<database>Unknown</database>
	</source>
	<size>
		<width>768</width>
		<height>1024</height>
		<depth>3</depth>
	</size>
	<segmented>0</segmented>
	<object>
		<name>passionsfrucht</name>
		<pose>Unspecified</pose>
		<truncated>0</truncated>
		<difficult>0</difficult>
		<bndbox>
			<xmin>300</xmin>
			<ymin>633</ymin>
			<xmax>473</xmax>
			<ymax>810</ymax>
		</bndbox>
	</object>
	<object>
		<name>limette</name>
		<pose>Unspecified</pose>
		<truncated>0</truncated>
		<difficult>0</difficult>
		<bndbox>
			<xmin>179</xmin>
			<ymin>179</ymin>
			<xmax>298</xmax>
			<ymax>309</ymax>
		</bndbox>
	</object>
	<object>
		<name>zitrone</name>
		<pose>Unspecified</pose>
		<truncated>0</truncated>
		<difficult>0</difficult>
		<bndbox>
			<xmin>330</xmin>
			<ymin>124</ymin>
			<xmax>504</xmax>
			<ymax>327</ymax>
		</bndbox>
	</object>
</annotation>
