<annotation>
	<folder>imagesTeil2</folder>
	<filename>IMG_1359.jpg</filename>
	<path>C:\Users\leons\Downloads\imagesTeil2\IMG_1359.jpg</path>
	<source>
		<database>Unknown</database>
	</source>
	<size>
		<width>768</width>
		<height>1024</height>
		<depth>3</depth>
	</size>
	<segmented>0</segmented>
	<object>
		<name>passionsfrucht</name>
		<pose>Unspecified</pose>
		<truncated>0</truncated>
		<difficult>0</difficult>
		<bndbox>
			<xmin>549</xmin>
			<ymin>385</ymin>
			<xmax>716</xmax>
			<ymax>549</ymax>
		</bndbox>
	</object>
	<object>
		<name>limette</name>
		<pose>Unspecified</pose>
		<truncated>0</truncated>
		<difficult>0</difficult>
		<bndbox>
			<xmin>422</xmin>
			<ymin>541</ymin>
			<xmax>545</xmax>
			<ymax>666</ymax>
		</bndbox>
	</object>
	<object>
		<name>passionsfrucht</name>
		<pose>Unspecified</pose>
		<truncated>0</truncated>
		<difficult>0</difficult>
		<bndbox>
			<xmin>162</xmin>
			<ymin>346</ymin>
			<xmax>322</xmax>
			<ymax>498</ymax>
		</bndbox>
	</object>
	<object>
		<name>limette</name>
		<pose>Unspecified</pose>
		<truncated>0</truncated>
		<difficult>0</difficult>
		<bndbox>
			<xmin>313</xmin>
			<ymin>126</ymin>
			<xmax>445</xmax>
			<ymax>250</ymax>
		</bndbox>
	</object>
</annotation>
