<annotation>
	<folder>imagesTeil2</folder>
	<filename>IMG_1270.jpg</filename>
	<path>C:\Users\leons\Downloads\imagesTeil2\IMG_1270.jpg</path>
	<source>
		<database>Unknown</database>
	</source>
	<size>
		<width>768</width>
		<height>1024</height>
		<depth>3</depth>
	</size>
	<segmented>0</segmented>
	<object>
		<name>kiwi</name>
		<pose>Unspecified</pose>
		<truncated>0</truncated>
		<difficult>0</difficult>
		<bndbox>
			<xmin>163</xmin>
			<ymin>450</ymin>
			<xmax>342</xmax>
			<ymax>572</ymax>
		</bndbox>
	</object>
	<object>
		<name>zitrone</name>
		<pose>Unspecified</pose>
		<truncated>0</truncated>
		<difficult>0</difficult>
		<bndbox>
			<xmin>348</xmin>
			<ymin>452</ymin>
			<xmax>530</xmax>
			<ymax>589</ymax>
		</bndbox>
	</object>
	<object>
		<name>limette</name>
		<pose>Unspecified</pose>
		<truncated>0</truncated>
		<difficult>0</difficult>
		<bndbox>
			<xmin>513</xmin>
			<ymin>520</ymin>
			<xmax>674</xmax>
			<ymax>672</ymax>
		</bndbox>
	</object>
	<object>
		<name>zwetschge</name>
		<pose>Unspecified</pose>
		<truncated>0</truncated>
		<difficult>0</difficult>
		<bndbox>
			<xmin>117</xmin>
			<ymin>759</ymin>
			<xmax>296</xmax>
			<ymax>941</ymax>
		</bndbox>
	</object>
</annotation>
