<annotation>
	<folder>imagesTeil2</folder>
	<filename>IMG_1345.jpg</filename>
	<path>C:\Users\leons\Downloads\imagesTeil2\IMG_1345.jpg</path>
	<source>
		<database>Unknown</database>
	</source>
	<size>
		<width>768</width>
		<height>1024</height>
		<depth>3</depth>
	</size>
	<segmented>0</segmented>
	<object>
		<name>kiwi</name>
		<pose>Unspecified</pose>
		<truncated>0</truncated>
		<difficult>0</difficult>
		<bndbox>
			<xmin>521</xmin>
			<ymin>394</ymin>
			<xmax>731</xmax>
			<ymax>621</ymax>
		</bndbox>
	</object>
	<object>
		<name>limette</name>
		<pose>Unspecified</pose>
		<truncated>0</truncated>
		<difficult>0</difficult>
		<bndbox>
			<xmin>426</xmin>
			<ymin>649</ymin>
			<xmax>563</xmax>
			<ymax>782</ymax>
		</bndbox>
	</object>
	<object>
		<name>zwetschge</name>
		<pose>Unspecified</pose>
		<truncated>0</truncated>
		<difficult>0</difficult>
		<bndbox>
			<xmin>256</xmin>
			<ymin>394</ymin>
			<xmax>359</xmax>
			<ymax>488</ymax>
		</bndbox>
	</object>
	<object>
		<name>passionsfrucht</name>
		<pose>Unspecified</pose>
		<truncated>0</truncated>
		<difficult>0</difficult>
		<bndbox>
			<xmin>200</xmin>
			<ymin>123</ymin>
			<xmax>363</xmax>
			<ymax>295</ymax>
		</bndbox>
	</object>
</annotation>
