<annotation>
	<folder>imagesTeil2</folder>
	<filename>IMG_1261.jpg</filename>
	<path>C:\Users\leons\Downloads\imagesTeil2\IMG_1261.jpg</path>
	<source>
		<database>Unknown</database>
	</source>
	<size>
		<width>768</width>
		<height>1024</height>
		<depth>3</depth>
	</size>
	<segmented>0</segmented>
	<object>
		<name>kiwi</name>
		<pose>Unspecified</pose>
		<truncated>0</truncated>
		<difficult>0</difficult>
		<bndbox>
			<xmin>616</xmin>
			<ymin>504</ymin>
			<xmax>749</xmax>
			<ymax>616</ymax>
		</bndbox>
	</object>
	<object>
		<name>passionsfrucht</name>
		<pose>Unspecified</pose>
		<truncated>0</truncated>
		<difficult>0</difficult>
		<bndbox>
			<xmin>36</xmin>
			<ymin>569</ymin>
			<xmax>229</xmax>
			<ymax>745</ymax>
		</bndbox>
	</object>
	<object>
		<name>zitrone</name>
		<pose>Unspecified</pose>
		<truncated>0</truncated>
		<difficult>0</difficult>
		<bndbox>
			<xmin>412</xmin>
			<ymin>473</ymin>
			<xmax>502</xmax>
			<ymax>558</ymax>
		</bndbox>
	</object>
</annotation>
