<annotation>
	<folder>imagesTeil2</folder>
	<filename>IMG_1235.jpg</filename>
	<path>C:\Users\leons\Downloads\imagesTeil2\IMG_1235.jpg</path>
	<source>
		<database>Unknown</database>
	</source>
	<size>
		<width>768</width>
		<height>1024</height>
		<depth>3</depth>
	</size>
	<segmented>0</segmented>
	<object>
		<name>zitrone</name>
		<pose>Unspecified</pose>
		<truncated>0</truncated>
		<difficult>0</difficult>
		<bndbox>
			<xmin>392</xmin>
			<ymin>474</ymin>
			<xmax>515</xmax>
			<ymax>571</ymax>
		</bndbox>
	</object>
	<object>
		<name>zitrone</name>
		<pose>Unspecified</pose>
		<truncated>0</truncated>
		<difficult>0</difficult>
		<bndbox>
			<xmin>14</xmin>
			<ymin>542</ymin>
			<xmax>262</xmax>
			<ymax>729</ymax>
		</bndbox>
	</object>
	<object>
		<name>zwetschge</name>
		<pose>Unspecified</pose>
		<truncated>0</truncated>
		<difficult>0</difficult>
		<bndbox>
			<xmin>385</xmin>
			<ymin>682</ymin>
			<xmax>552</xmax>
			<ymax>813</ymax>
		</bndbox>
	</object>
</annotation>
