<annotation>
	<folder>imagesTeil2</folder>
	<filename>IMG_1227.jpg</filename>
	<path>C:\Users\leons\Downloads\imagesTeil2\IMG_1227.jpg</path>
	<source>
		<database>Unknown</database>
	</source>
	<size>
		<width>768</width>
		<height>1024</height>
		<depth>3</depth>
	</size>
	<segmented>0</segmented>
	<object>
		<name>zitrone</name>
		<pose>Unspecified</pose>
		<truncated>0</truncated>
		<difficult>0</difficult>
		<bndbox>
			<xmin>20</xmin>
			<ymin>482</ymin>
			<xmax>186</xmax>
			<ymax>636</ymax>
		</bndbox>
	</object>
	<object>
		<name>zwetschge</name>
		<pose>Unspecified</pose>
		<truncated>0</truncated>
		<difficult>0</difficult>
		<bndbox>
			<xmin>590</xmin>
			<ymin>431</ymin>
			<xmax>660</xmax>
			<ymax>478</ymax>
		</bndbox>
	</object>
	<object>
		<name>passionsfrucht</name>
		<pose>Unspecified</pose>
		<truncated>0</truncated>
		<difficult>0</difficult>
		<bndbox>
			<xmin>556</xmin>
			<ymin>497</ymin>
			<xmax>746</xmax>
			<ymax>673</ymax>
		</bndbox>
	</object>
</annotation>
