<annotation>
	<folder>imagesTeil2</folder>
	<filename>IMG_1357.jpg</filename>
	<path>C:\Users\leons\Downloads\imagesTeil2\IMG_1357.jpg</path>
	<source>
		<database>Unknown</database>
	</source>
	<size>
		<width>768</width>
		<height>1024</height>
		<depth>3</depth>
	</size>
	<segmented>0</segmented>
	<object>
		<name>zitrone</name>
		<pose>Unspecified</pose>
		<truncated>0</truncated>
		<difficult>0</difficult>
		<bndbox>
			<xmin>383</xmin>
			<ymin>574</ymin>
			<xmax>573</xmax>
			<ymax>726</ymax>
		</bndbox>
	</object>
	<object>
		<name>zwetschge</name>
		<pose>Unspecified</pose>
		<truncated>0</truncated>
		<difficult>0</difficult>
		<bndbox>
			<xmin>232</xmin>
			<ymin>361</ymin>
			<xmax>313</xmax>
			<ymax>459</ymax>
		</bndbox>
	</object>
	<object>
		<name>limette</name>
		<pose>Unspecified</pose>
		<truncated>0</truncated>
		<difficult>0</difficult>
		<bndbox>
			<xmin>232</xmin>
			<ymin>192</ymin>
			<xmax>356</xmax>
			<ymax>314</ymax>
		</bndbox>
	</object>
	<object>
		<name>zwetschge</name>
		<pose>Unspecified</pose>
		<truncated>0</truncated>
		<difficult>0</difficult>
		<bndbox>
			<xmin>529</xmin>
			<ymin>407</ymin>
			<xmax>621</xmax>
			<ymax>500</ymax>
		</bndbox>
	</object>
</annotation>
