<annotation>
	<folder>imagesTeil2</folder>
	<filename>IMG_1369.jpg</filename>
	<path>C:\Users\leons\Downloads\imagesTeil2\IMG_1369.jpg</path>
	<source>
		<database>Unknown</database>
	</source>
	<size>
		<width>768</width>
		<height>1024</height>
		<depth>3</depth>
	</size>
	<segmented>0</segmented>
	<object>
		<name>limette</name>
		<pose>Unspecified</pose>
		<truncated>0</truncated>
		<difficult>0</difficult>
		<bndbox>
			<xmin>348</xmin>
			<ymin>551</ymin>
			<xmax>474</xmax>
			<ymax>671</ymax>
		</bndbox>
	</object>
	<object>
		<name>kiwi</name>
		<pose>Unspecified</pose>
		<truncated>0</truncated>
		<difficult>0</difficult>
		<bndbox>
			<xmin>100</xmin>
			<ymin>315</ymin>
			<xmax>294</xmax>
			<ymax>480</ymax>
		</bndbox>
	</object>
	<object>
		<name>zitrone</name>
		<pose>Unspecified</pose>
		<truncated>0</truncated>
		<difficult>0</difficult>
		<bndbox>
			<xmin>295</xmin>
			<ymin>137</ymin>
			<xmax>458</xmax>
			<ymax>336</ymax>
		</bndbox>
	</object>
</annotation>
