<annotation>
	<folder>imagesTeil2</folder>
	<filename>IMG_1347.jpg</filename>
	<path>C:\Users\leons\Downloads\imagesTeil2\IMG_1347.jpg</path>
	<source>
		<database>Unknown</database>
	</source>
	<size>
		<width>768</width>
		<height>1024</height>
		<depth>3</depth>
	</size>
	<segmented>0</segmented>
	<object>
		<name>passionsfrucht</name>
		<pose>Unspecified</pose>
		<truncated>0</truncated>
		<difficult>0</difficult>
		<bndbox>
			<xmin>521</xmin>
			<ymin>274</ymin>
			<xmax>692</xmax>
			<ymax>418</ymax>
		</bndbox>
	</object>
	<object>
		<name>zitrone</name>
		<pose>Unspecified</pose>
		<truncated>0</truncated>
		<difficult>0</difficult>
		<bndbox>
			<xmin>406</xmin>
			<ymin>700</ymin>
			<xmax>590</xmax>
			<ymax>854</ymax>
		</bndbox>
	</object>
	<object>
		<name>zitrone</name>
		<pose>Unspecified</pose>
		<truncated>0</truncated>
		<difficult>0</difficult>
		<bndbox>
			<xmin>217</xmin>
			<ymin>91</ymin>
			<xmax>373</xmax>
			<ymax>291</ymax>
		</bndbox>
	</object>
	<object>
		<name>limette</name>
		<pose>Unspecified</pose>
		<truncated>0</truncated>
		<difficult>0</difficult>
		<bndbox>
			<xmin>265</xmin>
			<ymin>369</ymin>
			<xmax>393</xmax>
			<ymax>514</ymax>
		</bndbox>
	</object>
</annotation>
