<annotation>
	<folder>imagesTeil2</folder>
	<filename>IMG_1243.jpg</filename>
	<path>C:\Users\leons\Downloads\imagesTeil2\IMG_1243.jpg</path>
	<source>
		<database>Unknown</database>
	</source>
	<size>
		<width>768</width>
		<height>1024</height>
		<depth>3</depth>
	</size>
	<segmented>0</segmented>
	<object>
		<name>zwetschge</name>
		<pose>Unspecified</pose>
		<truncated>0</truncated>
		<difficult>0</difficult>
		<bndbox>
			<xmin>188</xmin>
			<ymin>596</ymin>
			<xmax>314</xmax>
			<ymax>739</ymax>
		</bndbox>
	</object>
	<object>
		<name>passionsfrucht</name>
		<pose>Unspecified</pose>
		<truncated>0</truncated>
		<difficult>0</difficult>
		<bndbox>
			<xmin>442</xmin>
			<ymin>453</ymin>
			<xmax>573</xmax>
			<ymax>584</ymax>
		</bndbox>
	</object>
	<object>
		<name>limette</name>
		<pose>Unspecified</pose>
		<truncated>0</truncated>
		<difficult>0</difficult>
		<bndbox>
			<xmin>148</xmin>
			<ymin>467</ymin>
			<xmax>286</xmax>
			<ymax>580</ymax>
		</bndbox>
	</object>
</annotation>
