<annotation>
	<folder>imagesTeil2</folder>
	<filename>IMG_1300.jpg</filename>
	<path>C:\Users\leons\Downloads\imagesTeil2\IMG_1300.jpg</path>
	<source>
		<database>Unknown</database>
	</source>
	<size>
		<width>768</width>
		<height>1024</height>
		<depth>3</depth>
	</size>
	<segmented>0</segmented>
	<object>
		<name>limette</name>
		<pose>Unspecified</pose>
		<truncated>0</truncated>
		<difficult>0</difficult>
		<bndbox>
			<xmin>542</xmin>
			<ymin>384</ymin>
			<xmax>647</xmax>
			<ymax>486</ymax>
		</bndbox>
	</object>
	<object>
		<name>zitrone</name>
		<pose>Unspecified</pose>
		<truncated>0</truncated>
		<difficult>0</difficult>
		<bndbox>
			<xmin>352</xmin>
			<ymin>365</ymin>
			<xmax>458</xmax>
			<ymax>471</ymax>
		</bndbox>
	</object>
	<object>
		<name>zitrone</name>
		<pose>Unspecified</pose>
		<truncated>0</truncated>
		<difficult>0</difficult>
		<bndbox>
			<xmin>38</xmin>
			<ymin>470</ymin>
			<xmax>224</xmax>
			<ymax>639</ymax>
		</bndbox>
	</object>
</annotation>
