<annotation>
	<folder>imagesTeil2</folder>
	<filename>IMG_1387.jpg</filename>
	<path>C:\Users\leons\Downloads\imagesTeil2\IMG_1387.jpg</path>
	<source>
		<database>Unknown</database>
	</source>
	<size>
		<width>768</width>
		<height>1024</height>
		<depth>3</depth>
	</size>
	<segmented>0</segmented>
	<object>
		<name>passionsfrucht</name>
		<pose>Unspecified</pose>
		<truncated>0</truncated>
		<difficult>0</difficult>
		<bndbox>
			<xmin>391</xmin>
			<ymin>522</ymin>
			<xmax>553</xmax>
			<ymax>681</ymax>
		</bndbox>
	</object>
	<object>
		<name>kiwi</name>
		<pose>Unspecified</pose>
		<truncated>0</truncated>
		<difficult>0</difficult>
		<bndbox>
			<xmin>162</xmin>
			<ymin>470</ymin>
			<xmax>365</xmax>
			<ymax>680</ymax>
		</bndbox>
	</object>
	<object>
		<name>zwetschge</name>
		<pose>Unspecified</pose>
		<truncated>0</truncated>
		<difficult>0</difficult>
		<bndbox>
			<xmin>157</xmin>
			<ymin>291</ymin>
			<xmax>245</xmax>
			<ymax>393</ymax>
		</bndbox>
	</object>
	<object>
		<name>kiwi</name>
		<pose>Unspecified</pose>
		<truncated>0</truncated>
		<difficult>0</difficult>
		<bndbox>
			<xmin>253</xmin>
			<ymin>29</ymin>
			<xmax>443</xmax>
			<ymax>189</ymax>
		</bndbox>
	</object>
</annotation>
