<annotation>
	<folder>imagesTeil2</folder>
	<filename>IMG_1365.jpg</filename>
	<path>C:\Users\leons\Downloads\imagesTeil2\IMG_1365.jpg</path>
	<source>
		<database>Unknown</database>
	</source>
	<size>
		<width>768</width>
		<height>1024</height>
		<depth>3</depth>
	</size>
	<segmented>0</segmented>
	<object>
		<name>zitrone</name>
		<pose>Unspecified</pose>
		<truncated>0</truncated>
		<difficult>0</difficult>
		<bndbox>
			<xmin>513</xmin>
			<ymin>424</ymin>
			<xmax>680</xmax>
			<ymax>629</ymax>
		</bndbox>
	</object>
	<object>
		<name>passionsfrucht</name>
		<pose>Unspecified</pose>
		<truncated>0</truncated>
		<difficult>0</difficult>
		<bndbox>
			<xmin>314</xmin>
			<ymin>546</ymin>
			<xmax>479</xmax>
			<ymax>707</ymax>
		</bndbox>
	</object>
	<object>
		<name>limette</name>
		<pose>Unspecified</pose>
		<truncated>0</truncated>
		<difficult>0</difficult>
		<bndbox>
			<xmin>171</xmin>
			<ymin>315</ymin>
			<xmax>300</xmax>
			<ymax>448</ymax>
		</bndbox>
	</object>
	<object>
		<name>zwetschge</name>
		<pose>Unspecified</pose>
		<truncated>0</truncated>
		<difficult>0</difficult>
		<bndbox>
			<xmin>356</xmin>
			<ymin>142</ymin>
			<xmax>451</xmax>
			<ymax>247</ymax>
		</bndbox>
	</object>
</annotation>
