<annotation>
	<folder>imagesTeil2</folder>
	<filename>IMG_1303.jpg</filename>
	<path>C:\Users\leons\Downloads\imagesTeil2\IMG_1303.jpg</path>
	<source>
		<database>Unknown</database>
	</source>
	<size>
		<width>768</width>
		<height>1024</height>
		<depth>3</depth>
	</size>
	<segmented>0</segmented>
	<object>
		<name>limette</name>
		<pose>Unspecified</pose>
		<truncated>0</truncated>
		<difficult>0</difficult>
		<bndbox>
			<xmin>509</xmin>
			<ymin>445</ymin>
			<xmax>643</xmax>
			<ymax>565</ymax>
		</bndbox>
	</object>
	<object>
		<name>kiwi</name>
		<pose>Unspecified</pose>
		<truncated>0</truncated>
		<difficult>0</difficult>
		<bndbox>
			<xmin>178</xmin>
			<ymin>439</ymin>
			<xmax>331</xmax>
			<ymax>559</ymax>
		</bndbox>
	</object>
	<object>
		<name>zwetschge</name>
		<pose>Unspecified</pose>
		<truncated>0</truncated>
		<difficult>0</difficult>
		<bndbox>
			<xmin>352</xmin>
			<ymin>548</ymin>
			<xmax>473</xmax>
			<ymax>648</ymax>
		</bndbox>
	</object>
</annotation>
