<annotation>
	<folder>imagesTeil2</folder>
	<filename>IMG_1340.jpg</filename>
	<path>C:\Users\leons\Downloads\imagesTeil2\IMG_1340.jpg</path>
	<source>
		<database>Unknown</database>
	</source>
	<size>
		<width>768</width>
		<height>1024</height>
		<depth>3</depth>
	</size>
	<segmented>0</segmented>
	<object>
		<name>passionsfrucht</name>
		<pose>Unspecified</pose>
		<truncated>0</truncated>
		<difficult>0</difficult>
		<bndbox>
			<xmin>582</xmin>
			<ymin>554</ymin>
			<xmax>749</xmax>
			<ymax>724</ymax>
		</bndbox>
	</object>
	<object>
		<name>zwetschge</name>
		<pose>Unspecified</pose>
		<truncated>0</truncated>
		<difficult>0</difficult>
		<bndbox>
			<xmin>436</xmin>
			<ymin>724</ymin>
			<xmax>551</xmax>
			<ymax>819</ymax>
		</bndbox>
	</object>
	<object>
		<name>zitrone</name>
		<pose>Unspecified</pose>
		<truncated>0</truncated>
		<difficult>0</difficult>
		<bndbox>
			<xmin>220</xmin>
			<ymin>456</ymin>
			<xmax>410</xmax>
			<ymax>612</ymax>
		</bndbox>
	</object>
	<object>
		<name>kiwi</name>
		<pose>Unspecified</pose>
		<truncated>0</truncated>
		<difficult>0</difficult>
		<bndbox>
			<xmin>217</xmin>
			<ymin>207</ymin>
			<xmax>354</xmax>
			<ymax>401</ymax>
		</bndbox>
	</object>
</annotation>
