<annotation>
	<folder>imagesTeil2</folder>
	<filename>IMG_1315.jpg</filename>
	<path>C:\Users\leons\Downloads\imagesTeil2\IMG_1315.jpg</path>
	<source>
		<database>Unknown</database>
	</source>
	<size>
		<width>768</width>
		<height>1024</height>
		<depth>3</depth>
	</size>
	<segmented>0</segmented>
	<object>
		<name>kiwi</name>
		<pose>Unspecified</pose>
		<truncated>0</truncated>
		<difficult>0</difficult>
		<bndbox>
			<xmin>514</xmin>
			<ymin>475</ymin>
			<xmax>726</xmax>
			<ymax>682</ymax>
		</bndbox>
	</object>
	<object>
		<name>passionsfrucht</name>
		<pose>Unspecified</pose>
		<truncated>0</truncated>
		<difficult>0</difficult>
		<bndbox>
			<xmin>379</xmin>
			<ymin>413</ymin>
			<xmax>511</xmax>
			<ymax>539</ymax>
		</bndbox>
	</object>
	<object>
		<name>limette</name>
		<pose>Unspecified</pose>
		<truncated>0</truncated>
		<difficult>0</difficult>
		<bndbox>
			<xmin>62</xmin>
			<ymin>479</ymin>
			<xmax>190</xmax>
			<ymax>600</ymax>
		</bndbox>
	</object>
</annotation>
