<annotation>
	<folder>imagesTeil2</folder>
	<filename>IMG_1236.jpg</filename>
	<path>C:\Users\leons\Downloads\imagesTeil2\IMG_1236.jpg</path>
	<source>
		<database>Unknown</database>
	</source>
	<size>
		<width>768</width>
		<height>1024</height>
		<depth>3</depth>
	</size>
	<segmented>0</segmented>
	<object>
		<name>passionsfrucht</name>
		<pose>Unspecified</pose>
		<truncated>0</truncated>
		<difficult>0</difficult>
		<bndbox>
			<xmin>576</xmin>
			<ymin>469</ymin>
			<xmax>716</xmax>
			<ymax>591</ymax>
		</bndbox>
	</object>
	<object>
		<name>zwetschge</name>
		<pose>Unspecified</pose>
		<truncated>0</truncated>
		<difficult>0</difficult>
		<bndbox>
			<xmin>261</xmin>
			<ymin>640</ymin>
			<xmax>411</xmax>
			<ymax>756</ymax>
		</bndbox>
	</object>
	<object>
		<name>kiwi</name>
		<pose>Unspecified</pose>
		<truncated>0</truncated>
		<difficult>0</difficult>
		<bndbox>
			<xmin>11</xmin>
			<ymin>488</ymin>
			<xmax>217</xmax>
			<ymax>648</ymax>
		</bndbox>
	</object>
	<object>
		<name>kiwi</name>
		<pose>Unspecified</pose>
		<truncated>0</truncated>
		<difficult>0</difficult>
		<bndbox>
			<xmin>398</xmin>
			<ymin>448</ymin>
			<xmax>490</xmax>
			<ymax>545</ymax>
		</bndbox>
	</object>
</annotation>
