<annotation>
	<folder>imagesTeil2</folder>
	<filename>IMG_1335.jpg</filename>
	<path>C:\Users\leons\Downloads\imagesTeil2\IMG_1335.jpg</path>
	<source>
		<database>Unknown</database>
	</source>
	<size>
		<width>768</width>
		<height>1024</height>
		<depth>3</depth>
	</size>
	<segmented>0</segmented>
	<object>
		<name>zitrone</name>
		<pose>Unspecified</pose>
		<truncated>0</truncated>
		<difficult>0</difficult>
		<bndbox>
			<xmin>338</xmin>
			<ymin>190</ymin>
			<xmax>480</xmax>
			<ymax>307</ymax>
		</bndbox>
	</object>
	<object>
		<name>zitrone</name>
		<pose>Unspecified</pose>
		<truncated>0</truncated>
		<difficult>0</difficult>
		<bndbox>
			<xmin>275</xmin>
			<ymin>492</ymin>
			<xmax>382</xmax>
			<ymax>607</ymax>
		</bndbox>
	</object>
	<object>
		<name>zwetschge</name>
		<pose>Unspecified</pose>
		<truncated>0</truncated>
		<difficult>0</difficult>
		<bndbox>
			<xmin>357</xmin>
			<ymin>664</ymin>
			<xmax>439</xmax>
			<ymax>740</ymax>
		</bndbox>
	</object>
	<object>
		<name>passionsfrucht</name>
		<pose>Unspecified</pose>
		<truncated>0</truncated>
		<difficult>0</difficult>
		<bndbox>
			<xmin>500</xmin>
			<ymin>405</ymin>
			<xmax>623</xmax>
			<ymax>521</ymax>
		</bndbox>
	</object>
</annotation>
