<annotation>
	<folder>imagesTeil2</folder>
	<filename>IMG_1289.jpg</filename>
	<path>C:\Users\leons\Downloads\imagesTeil2\IMG_1289.jpg</path>
	<source>
		<database>Unknown</database>
	</source>
	<size>
		<width>768</width>
		<height>1024</height>
		<depth>3</depth>
	</size>
	<segmented>0</segmented>
	<object>
		<name>limette</name>
		<pose>Unspecified</pose>
		<truncated>0</truncated>
		<difficult>0</difficult>
		<bndbox>
			<xmin>570</xmin>
			<ymin>474</ymin>
			<xmax>752</xmax>
			<ymax>656</ymax>
		</bndbox>
	</object>
	<object>
		<name>limette</name>
		<pose>Unspecified</pose>
		<truncated>0</truncated>
		<difficult>0</difficult>
		<bndbox>
			<xmin>15</xmin>
			<ymin>478</ymin>
			<xmax>150</xmax>
			<ymax>591</ymax>
		</bndbox>
	</object>
	<object>
		<name>zwetschge</name>
		<pose>Unspecified</pose>
		<truncated>0</truncated>
		<difficult>0</difficult>
		<bndbox>
			<xmin>339</xmin>
			<ymin>469</ymin>
			<xmax>423</xmax>
			<ymax>547</ymax>
		</bndbox>
	</object>
</annotation>
