<annotation>
	<folder>imagesTeil2</folder>
	<filename>IMG_1368.jpg</filename>
	<path>C:\Users\leons\Downloads\imagesTeil2\IMG_1368.jpg</path>
	<source>
		<database>Unknown</database>
	</source>
	<size>
		<width>768</width>
		<height>1024</height>
		<depth>3</depth>
	</size>
	<segmented>0</segmented>
	<object>
		<name>passionsfrucht</name>
		<pose>Unspecified</pose>
		<truncated>0</truncated>
		<difficult>0</difficult>
		<bndbox>
			<xmin>318</xmin>
			<ymin>629</ymin>
			<xmax>485</xmax>
			<ymax>800</ymax>
		</bndbox>
	</object>
	<object>
		<name>kiwi</name>
		<pose>Unspecified</pose>
		<truncated>0</truncated>
		<difficult>0</difficult>
		<bndbox>
			<xmin>112</xmin>
			<ymin>301</ymin>
			<xmax>304</xmax>
			<ymax>469</ymax>
		</bndbox>
	</object>
	<object>
		<name>passionsfrucht</name>
		<pose>Unspecified</pose>
		<truncated>0</truncated>
		<difficult>0</difficult>
		<bndbox>
			<xmin>334</xmin>
			<ymin>133</ymin>
			<xmax>492</xmax>
			<ymax>308</ymax>
		</bndbox>
	</object>
</annotation>
