<annotation>
	<folder>imagesTeil2</folder>
	<filename>IMG_1228.jpg</filename>
	<path>C:\Users\leons\Downloads\imagesTeil2\IMG_1228.jpg</path>
	<source>
		<database>Unknown</database>
	</source>
	<size>
		<width>768</width>
		<height>1024</height>
		<depth>3</depth>
	</size>
	<segmented>0</segmented>
	<object>
		<name>zitrone</name>
		<pose>Unspecified</pose>
		<truncated>0</truncated>
		<difficult>0</difficult>
		<bndbox>
			<xmin>53</xmin>
			<ymin>467</ymin>
			<xmax>206</xmax>
			<ymax>611</ymax>
		</bndbox>
	</object>
	<object>
		<name>zwetschge</name>
		<pose>Unspecified</pose>
		<truncated>0</truncated>
		<difficult>0</difficult>
		<bndbox>
			<xmin>259</xmin>
			<ymin>570</ymin>
			<xmax>378</xmax>
			<ymax>694</ymax>
		</bndbox>
	</object>
	<object>
		<name>zwetschge</name>
		<pose>Unspecified</pose>
		<truncated>0</truncated>
		<difficult>0</difficult>
		<bndbox>
			<xmin>595</xmin>
			<ymin>398</ymin>
			<xmax>661</xmax>
			<ymax>442</ymax>
		</bndbox>
	</object>
	<object>
		<name>passionsfrucht</name>
		<pose>Unspecified</pose>
		<truncated>0</truncated>
		<difficult>0</difficult>
		<bndbox>
			<xmin>557</xmin>
			<ymin>489</ymin>
			<xmax>739</xmax>
			<ymax>656</ymax>
		</bndbox>
	</object>
</annotation>
