<annotation>
	<folder>imagesTeil2</folder>
	<filename>IMG_1383.jpg</filename>
	<path>C:\Users\leons\Downloads\imagesTeil2\IMG_1383.jpg</path>
	<source>
		<database>Unknown</database>
	</source>
	<size>
		<width>768</width>
		<height>1024</height>
		<depth>3</depth>
	</size>
	<segmented>0</segmented>
	<object>
		<name>kiwi</name>
		<pose>Unspecified</pose>
		<truncated>0</truncated>
		<difficult>0</difficult>
		<bndbox>
			<xmin>434</xmin>
			<ymin>348</ymin>
			<xmax>623</xmax>
			<ymax>538</ymax>
		</bndbox>
	</object>
	<object>
		<name>zitrone</name>
		<pose>Unspecified</pose>
		<truncated>0</truncated>
		<difficult>0</difficult>
		<bndbox>
			<xmin>343</xmin>
			<ymin>524</ymin>
			<xmax>491</xmax>
			<ymax>709</ymax>
		</bndbox>
	</object>
	<object>
		<name>limette</name>
		<pose>Unspecified</pose>
		<truncated>0</truncated>
		<difficult>0</difficult>
		<bndbox>
			<xmin>171</xmin>
			<ymin>439</ymin>
			<xmax>300</xmax>
			<ymax>566</ymax>
		</bndbox>
	</object>
	<object>
		<name>zitrone</name>
		<pose>Unspecified</pose>
		<truncated>0</truncated>
		<difficult>0</difficult>
		<bndbox>
			<xmin>104</xmin>
			<ymin>245</ymin>
			<xmax>244</xmax>
			<ymax>392</ymax>
		</bndbox>
	</object>
</annotation>
