<annotation>
	<folder>imagesTeil2</folder>
	<filename>IMG_1245.jpg</filename>
	<path>C:\Users\leons\Downloads\imagesTeil2\IMG_1245.jpg</path>
	<source>
		<database>Unknown</database>
	</source>
	<size>
		<width>768</width>
		<height>1024</height>
		<depth>3</depth>
	</size>
	<segmented>0</segmented>
	<object>
		<name>limette</name>
		<pose>Unspecified</pose>
		<truncated>0</truncated>
		<difficult>0</difficult>
		<bndbox>
			<xmin>507</xmin>
			<ymin>551</ymin>
			<xmax>709</xmax>
			<ymax>733</ymax>
		</bndbox>
	</object>
	<object>
		<name>kiwi</name>
		<pose>Unspecified</pose>
		<truncated>0</truncated>
		<difficult>0</difficult>
		<bndbox>
			<xmin>416</xmin>
			<ymin>419</ymin>
			<xmax>565</xmax>
			<ymax>553</ymax>
		</bndbox>
	</object>
	<object>
		<name>zwetschge</name>
		<pose>Unspecified</pose>
		<truncated>0</truncated>
		<difficult>0</difficult>
		<bndbox>
			<xmin>239</xmin>
			<ymin>547</ymin>
			<xmax>349</xmax>
			<ymax>669</ymax>
		</bndbox>
	</object>
	<object>
		<name>passionsfrucht</name>
		<pose>Unspecified</pose>
		<truncated>0</truncated>
		<difficult>0</difficult>
		<bndbox>
			<xmin>66</xmin>
			<ymin>427</ymin>
			<xmax>226</xmax>
			<ymax>571</ymax>
		</bndbox>
	</object>
</annotation>
