<annotation>
	<folder>imagesTeil2</folder>
	<filename>IMG_1356.jpg</filename>
	<path>C:\Users\leons\Downloads\imagesTeil2\IMG_1356.jpg</path>
	<source>
		<database>Unknown</database>
	</source>
	<size>
		<width>768</width>
		<height>1024</height>
		<depth>3</depth>
	</size>
	<segmented>0</segmented>
	<object>
		<name>zitrone</name>
		<pose>Unspecified</pose>
		<truncated>0</truncated>
		<difficult>0</difficult>
		<bndbox>
			<xmin>430</xmin>
			<ymin>541</ymin>
			<xmax>631</xmax>
			<ymax>694</ymax>
		</bndbox>
	</object>
	<object>
		<name>passionsfrucht</name>
		<pose>Unspecified</pose>
		<truncated>0</truncated>
		<difficult>0</difficult>
		<bndbox>
			<xmin>253</xmin>
			<ymin>229</ymin>
			<xmax>396</xmax>
			<ymax>385</ymax>
		</bndbox>
	</object>
	<object>
		<name>limette</name>
		<pose>Unspecified</pose>
		<truncated>0</truncated>
		<difficult>0</difficult>
		<bndbox>
			<xmin>332</xmin>
			<ymin>90</ymin>
			<xmax>462</xmax>
			<ymax>216</ymax>
		</bndbox>
	</object>
</annotation>
