<annotation>
	<folder>imagesTeil2</folder>
	<filename>IMG_1360.jpg</filename>
	<path>C:\Users\leons\Downloads\imagesTeil2\IMG_1360.jpg</path>
	<source>
		<database>Unknown</database>
	</source>
	<size>
		<width>768</width>
		<height>1024</height>
		<depth>3</depth>
	</size>
	<segmented>0</segmented>
	<object>
		<name>kiwi</name>
		<pose>Unspecified</pose>
		<truncated>0</truncated>
		<difficult>0</difficult>
		<bndbox>
			<xmin>554</xmin>
			<ymin>344</ymin>
			<xmax>707</xmax>
			<ymax>545</ymax>
		</bndbox>
	</object>
	<object>
		<name>passionsfrucht</name>
		<pose>Unspecified</pose>
		<truncated>0</truncated>
		<difficult>0</difficult>
		<bndbox>
			<xmin>168</xmin>
			<ymin>404</ymin>
			<xmax>331</xmax>
			<ymax>544</ymax>
		</bndbox>
	</object>
	<object>
		<name>zitrone</name>
		<pose>Unspecified</pose>
		<truncated>0</truncated>
		<difficult>0</difficult>
		<bndbox>
			<xmin>442</xmin>
			<ymin>572</ymin>
			<xmax>614</xmax>
			<ymax>763</ymax>
		</bndbox>
	</object>
	<object>
		<name>limette</name>
		<pose>Unspecified</pose>
		<truncated>0</truncated>
		<difficult>0</difficult>
		<bndbox>
			<xmin>309</xmin>
			<ymin>178</ymin>
			<xmax>438</xmax>
			<ymax>301</ymax>
		</bndbox>
	</object>
</annotation>
