<annotation>
	<folder>imagesTeil2</folder>
	<filename>IMG_1297.jpg</filename>
	<path>C:\Users\leons\Downloads\imagesTeil2\IMG_1297.jpg</path>
	<source>
		<database>Unknown</database>
	</source>
	<size>
		<width>768</width>
		<height>1024</height>
		<depth>3</depth>
	</size>
	<segmented>0</segmented>
	<object>
		<name>zwetschge</name>
		<pose>Unspecified</pose>
		<truncated>0</truncated>
		<difficult>0</difficult>
		<bndbox>
			<xmin>626</xmin>
			<ymin>542</ymin>
			<xmax>751</xmax>
			<ymax>629</ymax>
		</bndbox>
	</object>
	<object>
		<name>limette</name>
		<pose>Unspecified</pose>
		<truncated>0</truncated>
		<difficult>0</difficult>
		<bndbox>
			<xmin>493</xmin>
			<ymin>453</ymin>
			<xmax>585</xmax>
			<ymax>540</ymax>
		</bndbox>
	</object>
	<object>
		<name>zitrone</name>
		<pose>Unspecified</pose>
		<truncated>0</truncated>
		<difficult>0</difficult>
		<bndbox>
			<xmin>301</xmin>
			<ymin>437</ymin>
			<xmax>406</xmax>
			<ymax>546</ymax>
		</bndbox>
	</object>
	<object>
		<name>zitrone</name>
		<pose>Unspecified</pose>
		<truncated>0</truncated>
		<difficult>0</difficult>
		<bndbox>
			<xmin>60</xmin>
			<ymin>546</ymin>
			<xmax>239</xmax>
			<ymax>716</ymax>
		</bndbox>
	</object>
</annotation>
