<annotation>
	<folder>imagesTeil2</folder>
	<filename>IMG_1378.jpg</filename>
	<path>C:\Users\leons\Downloads\imagesTeil2\IMG_1378.jpg</path>
	<source>
		<database>Unknown</database>
	</source>
	<size>
		<width>768</width>
		<height>1024</height>
		<depth>3</depth>
	</size>
	<segmented>0</segmented>
	<object>
		<name>limette</name>
		<pose>Unspecified</pose>
		<truncated>0</truncated>
		<difficult>0</difficult>
		<bndbox>
			<xmin>469</xmin>
			<ymin>482</ymin>
			<xmax>606</xmax>
			<ymax>610</ymax>
		</bndbox>
	</object>
	<object>
		<name>limette</name>
		<pose>Unspecified</pose>
		<truncated>0</truncated>
		<difficult>0</difficult>
		<bndbox>
			<xmin>269</xmin>
			<ymin>559</ymin>
			<xmax>411</xmax>
			<ymax>718</ymax>
		</bndbox>
	</object>
	<object>
		<name>zwetschge</name>
		<pose>Unspecified</pose>
		<truncated>0</truncated>
		<difficult>0</difficult>
		<bndbox>
			<xmin>98</xmin>
			<ymin>512</ymin>
			<xmax>191</xmax>
			<ymax>642</ymax>
		</bndbox>
	</object>
	<object>
		<name>passionsfrucht</name>
		<pose>Unspecified</pose>
		<truncated>0</truncated>
		<difficult>0</difficult>
		<bndbox>
			<xmin>300</xmin>
			<ymin>173</ymin>
			<xmax>473</xmax>
			<ymax>366</ymax>
		</bndbox>
	</object>
</annotation>
