<annotation>
	<folder>imagesTeil2</folder>
	<filename>IMG_1348.jpg</filename>
	<path>C:\Users\leons\Downloads\imagesTeil2\IMG_1348.jpg</path>
	<source>
		<database>Unknown</database>
	</source>
	<size>
		<width>768</width>
		<height>1024</height>
		<depth>3</depth>
	</size>
	<segmented>0</segmented>
	<object>
		<name>passionsfrucht</name>
		<pose>Unspecified</pose>
		<truncated>0</truncated>
		<difficult>0</difficult>
		<bndbox>
			<xmin>565</xmin>
			<ymin>253</ymin>
			<xmax>739</xmax>
			<ymax>400</ymax>
		</bndbox>
	</object>
	<object>
		<name>zitrone</name>
		<pose>Unspecified</pose>
		<truncated>0</truncated>
		<difficult>0</difficult>
		<bndbox>
			<xmin>462</xmin>
			<ymin>678</ymin>
			<xmax>645</xmax>
			<ymax>833</ymax>
		</bndbox>
	</object>
	<object>
		<name>limette</name>
		<pose>Unspecified</pose>
		<truncated>0</truncated>
		<difficult>0</difficult>
		<bndbox>
			<xmin>313</xmin>
			<ymin>356</ymin>
			<xmax>440</xmax>
			<ymax>496</ymax>
		</bndbox>
	</object>
	<object>
		<name>zitrone</name>
		<pose>Unspecified</pose>
		<truncated>0</truncated>
		<difficult>0</difficult>
		<bndbox>
			<xmin>263</xmin>
			<ymin>83</ymin>
			<xmax>414</xmax>
			<ymax>278</ymax>
		</bndbox>
	</object>
</annotation>
