<annotation>
	<folder>imagesTeil2</folder>
	<filename>IMG_1391.jpg</filename>
	<path>C:\Users\leons\Downloads\imagesTeil2\IMG_1391.jpg</path>
	<source>
		<database>Unknown</database>
	</source>
	<size>
		<width>768</width>
		<height>1024</height>
		<depth>3</depth>
	</size>
	<segmented>0</segmented>
	<object>
		<name>zitrone</name>
		<pose>Unspecified</pose>
		<truncated>0</truncated>
		<difficult>0</difficult>
		<bndbox>
			<xmin>477</xmin>
			<ymin>369</ymin>
			<xmax>650</xmax>
			<ymax>556</ymax>
		</bndbox>
	</object>
	<object>
		<name>passionsfrucht</name>
		<pose>Unspecified</pose>
		<truncated>0</truncated>
		<difficult>0</difficult>
		<bndbox>
			<xmin>410</xmin>
			<ymin>598</ymin>
			<xmax>568</xmax>
			<ymax>755</ymax>
		</bndbox>
	</object>
	<object>
		<name>kiwi</name>
		<pose>Unspecified</pose>
		<truncated>0</truncated>
		<difficult>0</difficult>
		<bndbox>
			<xmin>198</xmin>
			<ymin>535</ymin>
			<xmax>372</xmax>
			<ymax>762</ymax>
		</bndbox>
	</object>
	<object>
		<name>zwetschge</name>
		<pose>Unspecified</pose>
		<truncated>0</truncated>
		<difficult>0</difficult>
		<bndbox>
			<xmin>145</xmin>
			<ymin>305</ymin>
			<xmax>238</xmax>
			<ymax>401</ymax>
		</bndbox>
	</object>
</annotation>
