<annotation>
	<folder>imagesTeil2</folder>
	<filename>IMG_1336.jpg</filename>
	<path>C:\Users\leons\Downloads\imagesTeil2\IMG_1336.jpg</path>
	<source>
		<database>Unknown</database>
	</source>
	<size>
		<width>768</width>
		<height>1024</height>
		<depth>3</depth>
	</size>
	<segmented>0</segmented>
	<object>
		<name>kiwi</name>
		<pose>Unspecified</pose>
		<truncated>0</truncated>
		<difficult>0</difficult>
		<bndbox>
			<xmin>332</xmin>
			<ymin>144</ymin>
			<xmax>459</xmax>
			<ymax>275</ymax>
		</bndbox>
	</object>
	<object>
		<name>kiwi</name>
		<pose>Unspecified</pose>
		<truncated>0</truncated>
		<difficult>0</difficult>
		<bndbox>
			<xmin>319</xmin>
			<ymin>444</ymin>
			<xmax>481</xmax>
			<ymax>573</ymax>
		</bndbox>
	</object>
	<object>
		<name>passionsfrucht</name>
		<pose>Unspecified</pose>
		<truncated>0</truncated>
		<difficult>0</difficult>
		<bndbox>
			<xmin>568</xmin>
			<ymin>524</ymin>
			<xmax>706</xmax>
			<ymax>646</ymax>
		</bndbox>
	</object>
	<object>
		<name>zwetschge</name>
		<pose>Unspecified</pose>
		<truncated>0</truncated>
		<difficult>0</difficult>
		<bndbox>
			<xmin>375</xmin>
			<ymin>639</ymin>
			<xmax>457</xmax>
			<ymax>717</ymax>
		</bndbox>
	</object>
</annotation>
