<annotation>
	<folder>imagesTeil2</folder>
	<filename>IMG_1362.jpg</filename>
	<path>C:\Users\leons\Downloads\imagesTeil2\IMG_1362.jpg</path>
	<source>
		<database>Unknown</database>
	</source>
	<size>
		<width>768</width>
		<height>1024</height>
		<depth>3</depth>
	</size>
	<segmented>0</segmented>
	<object>
		<name>limette</name>
		<pose>Unspecified</pose>
		<truncated>0</truncated>
		<difficult>0</difficult>
		<bndbox>
			<xmin>568</xmin>
			<ymin>403</ymin>
			<xmax>694</xmax>
			<ymax>520</ymax>
		</bndbox>
	</object>
	<object>
		<name>limette</name>
		<pose>Unspecified</pose>
		<truncated>0</truncated>
		<difficult>0</difficult>
		<bndbox>
			<xmin>110</xmin>
			<ymin>301</ymin>
			<xmax>239</xmax>
			<ymax>424</ymax>
		</bndbox>
	</object>
	<object>
		<name>zwetschge</name>
		<pose>Unspecified</pose>
		<truncated>0</truncated>
		<difficult>0</difficult>
		<bndbox>
			<xmin>370</xmin>
			<ymin>583</ymin>
			<xmax>460</xmax>
			<ymax>695</ymax>
		</bndbox>
	</object>
	<object>
		<name>zwetschge</name>
		<pose>Unspecified</pose>
		<truncated>0</truncated>
		<difficult>0</difficult>
		<bndbox>
			<xmin>328</xmin>
			<ymin>153</ymin>
			<xmax>421</xmax>
			<ymax>240</ymax>
		</bndbox>
	</object>
</annotation>
