<annotation>
	<folder>imagesTeil2</folder>
	<filename>IMG_1361.jpg</filename>
	<path>C:\Users\leons\Downloads\imagesTeil2\IMG_1361.jpg</path>
	<source>
		<database>Unknown</database>
	</source>
	<size>
		<width>768</width>
		<height>1024</height>
		<depth>3</depth>
	</size>
	<segmented>0</segmented>
	<object>
		<name>zitrone</name>
		<pose>Unspecified</pose>
		<truncated>0</truncated>
		<difficult>0</difficult>
		<bndbox>
			<xmin>422</xmin>
			<ymin>556</ymin>
			<xmax>602</xmax>
			<ymax>765</ymax>
		</bndbox>
	</object>
	<object>
		<name>zitrone</name>
		<pose>Unspecified</pose>
		<truncated>0</truncated>
		<difficult>0</difficult>
		<bndbox>
			<xmin>99</xmin>
			<ymin>308</ymin>
			<xmax>268</xmax>
			<ymax>450</ymax>
		</bndbox>
	</object>
	<object>
		<name>kiwi</name>
		<pose>Unspecified</pose>
		<truncated>0</truncated>
		<difficult>0</difficult>
		<bndbox>
			<xmin>542</xmin>
			<ymin>309</ymin>
			<xmax>702</xmax>
			<ymax>518</ymax>
		</bndbox>
	</object>
	<object>
		<name>kiwi</name>
		<pose>Unspecified</pose>
		<truncated>0</truncated>
		<difficult>0</difficult>
		<bndbox>
			<xmin>265</xmin>
			<ymin>26</ymin>
			<xmax>444</xmax>
			<ymax>244</ymax>
		</bndbox>
	</object>
</annotation>
