<annotation>
	<folder>imagesTeil2</folder>
	<filename>IMG_1296.jpg</filename>
	<path>C:\Users\leons\Downloads\imagesTeil2\IMG_1296.jpg</path>
	<source>
		<database>Unknown</database>
	</source>
	<size>
		<width>768</width>
		<height>1024</height>
		<depth>3</depth>
	</size>
	<segmented>0</segmented>
	<object>
		<name>zitrone</name>
		<pose>Unspecified</pose>
		<truncated>0</truncated>
		<difficult>0</difficult>
		<bndbox>
			<xmin>566</xmin>
			<ymin>418</ymin>
			<xmax>709</xmax>
			<ymax>548</ymax>
		</bndbox>
	</object>
	<object>
		<name>zwetschge</name>
		<pose>Unspecified</pose>
		<truncated>0</truncated>
		<difficult>0</difficult>
		<bndbox>
			<xmin>615</xmin>
			<ymin>572</ymin>
			<xmax>766</xmax>
			<ymax>689</ymax>
		</bndbox>
	</object>
	<object>
		<name>passionsfrucht</name>
		<pose>Unspecified</pose>
		<truncated>0</truncated>
		<difficult>0</difficult>
		<bndbox>
			<xmin>20</xmin>
			<ymin>494</ymin>
			<xmax>203</xmax>
			<ymax>656</ymax>
		</bndbox>
	</object>
	<object>
		<name>limette</name>
		<pose>Unspecified</pose>
		<truncated>0</truncated>
		<difficult>0</difficult>
		<bndbox>
			<xmin>393</xmin>
			<ymin>437</ymin>
			<xmax>489</xmax>
			<ymax>524</ymax>
		</bndbox>
	</object>
</annotation>
