<annotation>
	<folder>imagesTeil2</folder>
	<filename>IMG_1278.jpg</filename>
	<path>C:\Users\leons\Downloads\imagesTeil2\IMG_1278.jpg</path>
	<source>
		<database>Unknown</database>
	</source>
	<size>
		<width>768</width>
		<height>1024</height>
		<depth>3</depth>
	</size>
	<segmented>0</segmented>
	<object>
		<name>limette</name>
		<pose>Unspecified</pose>
		<truncated>0</truncated>
		<difficult>0</difficult>
		<bndbox>
			<xmin>461</xmin>
			<ymin>571</ymin>
			<xmax>680</xmax>
			<ymax>775</ymax>
		</bndbox>
	</object>
	<object>
		<name>kiwi</name>
		<pose>Unspecified</pose>
		<truncated>0</truncated>
		<difficult>0</difficult>
		<bndbox>
			<xmin>231</xmin>
			<ymin>454</ymin>
			<xmax>380</xmax>
			<ymax>591</ymax>
		</bndbox>
	</object>
</annotation>
