<annotation>
	<folder>imagesTeil2</folder>
	<filename>IMG_1364.jpg</filename>
	<path>C:\Users\leons\Downloads\imagesTeil2\IMG_1364.jpg</path>
	<source>
		<database>Unknown</database>
	</source>
	<size>
		<width>768</width>
		<height>1024</height>
		<depth>3</depth>
	</size>
	<segmented>0</segmented>
	<object>
		<name>zwetschge</name>
		<pose>Unspecified</pose>
		<truncated>0</truncated>
		<difficult>0</difficult>
		<bndbox>
			<xmin>382</xmin>
			<ymin>591</ymin>
			<xmax>483</xmax>
			<ymax>696</ymax>
		</bndbox>
	</object>
	<object>
		<name>passionsfrucht</name>
		<pose>Unspecified</pose>
		<truncated>0</truncated>
		<difficult>0</difficult>
		<bndbox>
			<xmin>101</xmin>
			<ymin>286</ymin>
			<xmax>254</xmax>
			<ymax>436</ymax>
		</bndbox>
	</object>
	<object>
		<name>passionsfrucht</name>
		<pose>Unspecified</pose>
		<truncated>0</truncated>
		<difficult>0</difficult>
		<bndbox>
			<xmin>401</xmin>
			<ymin>124</ymin>
			<xmax>539</xmax>
			<ymax>279</ymax>
		</bndbox>
	</object>
</annotation>
