<annotation>
	<folder>imagesTeil2</folder>
	<filename>IMG_1302.jpg</filename>
	<path>C:\Users\leons\Downloads\imagesTeil2\IMG_1302.jpg</path>
	<source>
		<database>Unknown</database>
	</source>
	<size>
		<width>768</width>
		<height>1024</height>
		<depth>3</depth>
	</size>
	<segmented>0</segmented>
	<object>
		<name>zitrone</name>
		<pose>Unspecified</pose>
		<truncated>0</truncated>
		<difficult>0</difficult>
		<bndbox>
			<xmin>548</xmin>
			<ymin>518</ymin>
			<xmax>696</xmax>
			<ymax>654</ymax>
		</bndbox>
	</object>
	<object>
		<name>zitrone</name>
		<pose>Unspecified</pose>
		<truncated>0</truncated>
		<difficult>0</difficult>
		<bndbox>
			<xmin>156</xmin>
			<ymin>544</ymin>
			<xmax>293</xmax>
			<ymax>662</ymax>
		</bndbox>
	</object>
	<object>
		<name>zwetschge</name>
		<pose>Unspecified</pose>
		<truncated>0</truncated>
		<difficult>0</difficult>
		<bndbox>
			<xmin>411</xmin>
			<ymin>634</ymin>
			<xmax>526</xmax>
			<ymax>734</ymax>
		</bndbox>
	</object>
</annotation>
