<annotation>
	<folder>imagesTeil2</folder>
	<filename>IMG_1279.jpg</filename>
	<path>C:\Users\leons\Downloads\imagesTeil2\IMG_1279.jpg</path>
	<source>
		<database>Unknown</database>
	</source>
	<size>
		<width>768</width>
		<height>1024</height>
		<depth>3</depth>
	</size>
	<segmented>0</segmented>
	<object>
		<name>limette</name>
		<pose>Unspecified</pose>
		<truncated>0</truncated>
		<difficult>0</difficult>
		<bndbox>
			<xmin>572</xmin>
			<ymin>437</ymin>
			<xmax>712</xmax>
			<ymax>556</ymax>
		</bndbox>
	</object>
	<object>
		<name>limette</name>
		<pose>Unspecified</pose>
		<truncated>0</truncated>
		<difficult>0</difficult>
		<bndbox>
			<xmin>14</xmin>
			<ymin>531</ymin>
			<xmax>165</xmax>
			<ymax>657</ymax>
		</bndbox>
	</object>
	<object>
		<name>zwetschge</name>
		<pose>Unspecified</pose>
		<truncated>0</truncated>
		<difficult>0</difficult>
		<bndbox>
			<xmin>166</xmin>
			<ymin>619</ymin>
			<xmax>300</xmax>
			<ymax>778</ymax>
		</bndbox>
	</object>
</annotation>
