<annotation>
	<folder>imagesTeil2</folder>
	<filename>IMG_1242.jpg</filename>
	<path>C:\Users\leons\Downloads\imagesTeil2\IMG_1242.jpg</path>
	<source>
		<database>Unknown</database>
	</source>
	<size>
		<width>768</width>
		<height>1024</height>
		<depth>3</depth>
	</size>
	<segmented>0</segmented>
	<object>
		<name>zitrone</name>
		<pose>Unspecified</pose>
		<truncated>0</truncated>
		<difficult>0</difficult>
		<bndbox>
			<xmin>294</xmin>
			<ymin>632</ymin>
			<xmax>506</xmax>
			<ymax>843</ymax>
		</bndbox>
	</object>
	<object>
		<name>zitrone</name>
		<pose>Unspecified</pose>
		<truncated>0</truncated>
		<difficult>0</difficult>
		<bndbox>
			<xmin>54</xmin>
			<ymin>522</ymin>
			<xmax>219</xmax>
			<ymax>676</ymax>
		</bndbox>
	</object>
</annotation>
