<annotation>
	<folder>imagesTeil2</folder>
	<filename>IMG_1354.jpg</filename>
	<path>C:\Users\leons\Downloads\imagesTeil2\IMG_1354.jpg</path>
	<source>
		<database>Unknown</database>
	</source>
	<size>
		<width>768</width>
		<height>1024</height>
		<depth>3</depth>
	</size>
	<segmented>0</segmented>
	<object>
		<name>kiwi</name>
		<pose>Unspecified</pose>
		<truncated>0</truncated>
		<difficult>0</difficult>
		<bndbox>
			<xmin>412</xmin>
			<ymin>492</ymin>
			<xmax>580</xmax>
			<ymax>629</ymax>
		</bndbox>
	</object>
	<object>
		<name>kiwi</name>
		<pose>Unspecified</pose>
		<truncated>0</truncated>
		<difficult>0</difficult>
		<bndbox>
			<xmin>202</xmin>
			<ymin>230</ymin>
			<xmax>340</xmax>
			<ymax>413</ymax>
		</bndbox>
	</object>
	<object>
		<name>zitrone</name>
		<pose>Unspecified</pose>
		<truncated>0</truncated>
		<difficult>0</difficult>
		<bndbox>
			<xmin>335</xmin>
			<ymin>129</ymin>
			<xmax>471</xmax>
			<ymax>256</ymax>
		</bndbox>
	</object>
</annotation>
