<annotation>
	<folder>imagesTeil2</folder>
	<filename>IMG_1333.jpg</filename>
	<path>C:\Users\leons\Downloads\imagesTeil2\IMG_1333.jpg</path>
	<source>
		<database>Unknown</database>
	</source>
	<size>
		<width>768</width>
		<height>1024</height>
		<depth>3</depth>
	</size>
	<segmented>0</segmented>
	<object>
		<name>limette</name>
		<pose>Unspecified</pose>
		<truncated>0</truncated>
		<difficult>0</difficult>
		<bndbox>
			<xmin>601</xmin>
			<ymin>340</ymin>
			<xmax>718</xmax>
			<ymax>460</ymax>
		</bndbox>
	</object>
	<object>
		<name>zitrone</name>
		<pose>Unspecified</pose>
		<truncated>0</truncated>
		<difficult>0</difficult>
		<bndbox>
			<xmin>308</xmin>
			<ymin>378</ymin>
			<xmax>426</xmax>
			<ymax>518</ymax>
		</bndbox>
	</object>
	<object>
		<name>limette</name>
		<pose>Unspecified</pose>
		<truncated>0</truncated>
		<difficult>0</difficult>
		<bndbox>
			<xmin>182</xmin>
			<ymin>314</ymin>
			<xmax>285</xmax>
			<ymax>410</ymax>
		</bndbox>
	</object>
	<object>
		<name>zwetschge</name>
		<pose>Unspecified</pose>
		<truncated>0</truncated>
		<difficult>0</difficult>
		<bndbox>
			<xmin>319</xmin>
			<ymin>578</ymin>
			<xmax>410</xmax>
			<ymax>655</ymax>
		</bndbox>
	</object>
</annotation>
