<annotation>
	<folder>imagesTeil2</folder>
	<filename>IMG_1349.jpg</filename>
	<path>C:\Users\leons\Downloads\imagesTeil2\IMG_1349.jpg</path>
	<source>
		<database>Unknown</database>
	</source>
	<size>
		<width>768</width>
		<height>1024</height>
		<depth>3</depth>
	</size>
	<segmented>0</segmented>
	<object>
		<name>passionsfrucht</name>
		<pose>Unspecified</pose>
		<truncated>0</truncated>
		<difficult>0</difficult>
		<bndbox>
			<xmin>570</xmin>
			<ymin>254</ymin>
			<xmax>745</xmax>
			<ymax>403</ymax>
		</bndbox>
	</object>
	<object>
		<name>passionsfrucht</name>
		<pose>Unspecified</pose>
		<truncated>0</truncated>
		<difficult>0</difficult>
		<bndbox>
			<xmin>234</xmin>
			<ymin>167</ymin>
			<xmax>390</xmax>
			<ymax>342</ymax>
		</bndbox>
	</object>
	<object>
		<name>zitrone</name>
		<pose>Unspecified</pose>
		<truncated>0</truncated>
		<difficult>0</difficult>
		<bndbox>
			<xmin>453</xmin>
			<ymin>688</ymin>
			<xmax>641</xmax>
			<ymax>847</ymax>
		</bndbox>
	</object>
</annotation>
