<annotation>
	<folder>imagesTeil2</folder>
	<filename>IMG_1304.jpg</filename>
	<path>C:\Users\leons\Downloads\imagesTeil2\IMG_1304.jpg</path>
	<source>
		<database>Unknown</database>
	</source>
	<size>
		<width>768</width>
		<height>1024</height>
		<depth>3</depth>
	</size>
	<segmented>0</segmented>
	<object>
		<name>kiwi</name>
		<pose>Unspecified</pose>
		<truncated>0</truncated>
		<difficult>0</difficult>
		<bndbox>
			<xmin>450</xmin>
			<ymin>438</ymin>
			<xmax>582</xmax>
			<ymax>553</ymax>
		</bndbox>
	</object>
	<object>
		<name>limette</name>
		<pose>Unspecified</pose>
		<truncated>0</truncated>
		<difficult>0</difficult>
		<bndbox>
			<xmin>185</xmin>
			<ymin>454</ymin>
			<xmax>290</xmax>
			<ymax>539</ymax>
		</bndbox>
	</object>
	<object>
		<name>zwetschge</name>
		<pose>Unspecified</pose>
		<truncated>0</truncated>
		<difficult>0</difficult>
		<bndbox>
			<xmin>363</xmin>
			<ymin>542</ymin>
			<xmax>473</xmax>
			<ymax>627</ymax>
		</bndbox>
	</object>
	<object>
		<name>zwetschge</name>
		<pose>Unspecified</pose>
		<truncated>0</truncated>
		<difficult>0</difficult>
		<bndbox>
			<xmin>20</xmin>
			<ymin>662</ymin>
			<xmax>211</xmax>
			<ymax>799</ymax>
		</bndbox>
	</object>
</annotation>
