<annotation>
	<folder>imagesTeil2</folder>
	<filename>IMG_1355.jpg</filename>
	<path>C:\Users\leons\Downloads\imagesTeil2\IMG_1355.jpg</path>
	<source>
		<database>Unknown</database>
	</source>
	<size>
		<width>768</width>
		<height>1024</height>
		<depth>3</depth>
	</size>
	<segmented>0</segmented>
	<object>
		<name>kiwi</name>
		<pose>Unspecified</pose>
		<truncated>0</truncated>
		<difficult>0</difficult>
		<bndbox>
			<xmin>412</xmin>
			<ymin>493</ymin>
			<xmax>609</xmax>
			<ymax>649</ymax>
		</bndbox>
	</object>
	<object>
		<name>passionsfrucht</name>
		<pose>Unspecified</pose>
		<truncated>0</truncated>
		<difficult>0</difficult>
		<bndbox>
			<xmin>250</xmin>
			<ymin>201</ymin>
			<xmax>401</xmax>
			<ymax>358</ymax>
		</bndbox>
	</object>
	<object>
		<name>limette</name>
		<pose>Unspecified</pose>
		<truncated>0</truncated>
		<difficult>0</difficult>
		<bndbox>
			<xmin>336</xmin>
			<ymin>59</ymin>
			<xmax>467</xmax>
			<ymax>191</ymax>
		</bndbox>
	</object>
</annotation>
