<annotation>
	<folder>imagesRaspi2</folder>
	<filename>Pics_V2_209.jpg</filename>
	<path>C:\Users\leons\Downloads\imagesRaspi2-20230929T101728Z-001\imagesRaspi2\Pics_V2_209.jpg</path>
	<source>
		<database>Unknown</database>
	</source>
	<size>
		<width>768</width>
		<height>1024</height>
		<depth>3</depth>
	</size>
	<segmented>0</segmented>
	<object>
		<name>passionsfrucht</name>
		<pose>Unspecified</pose>
		<truncated>0</truncated>
		<difficult>0</difficult>
		<bndbox>
			<xmin>87</xmin>
			<ymin>512</ymin>
			<xmax>311</xmax>
			<ymax>714</ymax>
		</bndbox>
	</object>
	<object>
		<name>zitrone</name>
		<pose>Unspecified</pose>
		<truncated>0</truncated>
		<difficult>0</difficult>
		<bndbox>
			<xmin>360</xmin>
			<ymin>500</ymin>
			<xmax>615</xmax>
			<ymax>732</ymax>
		</bndbox>
	</object>
</annotation>
