<annotation>
	<folder>imagesRaspi1</folder>
	<filename>Pics_V1_13.jpg</filename>
	<path>C:\Projekte\MaturaPiCar\MachineLearning\ImagesMatura23\imagesRaspi\imagesRaspi1\Pics_V1_13.jpg</path>
	<source>
		<database>Unknown</database>
	</source>
	<size>
		<width>768</width>
		<height>1024</height>
		<depth>3</depth>
	</size>
	<segmented>0</segmented>
	<object>
		<name>zitrone</name>
		<pose>Unspecified</pose>
		<truncated>0</truncated>
		<difficult>0</difficult>
		<bndbox>
			<xmin>194</xmin>
			<ymin>473</ymin>
			<xmax>414</xmax>
			<ymax>676</ymax>
		</bndbox>
	</object>
	<object>
		<name>zwetschge</name>
		<pose>Unspecified</pose>
		<truncated>0</truncated>
		<difficult>0</difficult>
		<bndbox>
			<xmin>442</xmin>
			<ymin>546</ymin>
			<xmax>556</xmax>
			<ymax>666</ymax>
		</bndbox>
	</object>
</annotation>
