<annotation>
	<folder>imagesRaspi2</folder>
	<filename>Pics_V2_224.jpg</filename>
	<path>C:\Users\leons\Downloads\imagesRaspi2-20230929T101728Z-001\imagesRaspi2\Pics_V2_224.jpg</path>
	<source>
		<database>Unknown</database>
	</source>
	<size>
		<width>768</width>
		<height>1024</height>
		<depth>3</depth>
	</size>
	<segmented>0</segmented>
	<object>
		<name>zwetschge</name>
		<pose>Unspecified</pose>
		<truncated>0</truncated>
		<difficult>0</difficult>
		<bndbox>
			<xmin>460</xmin>
			<ymin>606</ymin>
			<xmax>608</xmax>
			<ymax>741</ymax>
		</bndbox>
	</object>
	<object>
		<name>limette</name>
		<pose>Unspecified</pose>
		<truncated>0</truncated>
		<difficult>0</difficult>
		<bndbox>
			<xmin>200</xmin>
			<ymin>569</ymin>
			<xmax>381</xmax>
			<ymax>738</ymax>
		</bndbox>
	</object>
</annotation>
