<annotation>
	<folder>imagesRaspi1</folder>
	<filename>Pics_V2_17.jpg</filename>
	<path>C:\Projekte\MaturaPiCar\MachineLearning\ImagesMatura23\imagesRaspi\imagesRaspi1\Pics_V2_17.jpg</path>
	<source>
		<database>Unknown</database>
	</source>
	<size>
		<width>768</width>
		<height>1024</height>
		<depth>3</depth>
	</size>
	<segmented>0</segmented>
	<object>
		<name>kiwi</name>
		<pose>Unspecified</pose>
		<truncated>0</truncated>
		<difficult>0</difficult>
		<bndbox>
			<xmin>19</xmin>
			<ymin>482</ymin>
			<xmax>207</xmax>
			<ymax>643</ymax>
		</bndbox>
	</object>
	<object>
		<name>limette</name>
		<pose>Unspecified</pose>
		<truncated>0</truncated>
		<difficult>0</difficult>
		<bndbox>
			<xmin>274</xmin>
			<ymin>502</ymin>
			<xmax>389</xmax>
			<ymax>616</ymax>
		</bndbox>
	</object>
</annotation>
