<annotation>
	<folder>imagesRaspi1</folder>
	<filename>Pics_V2_103.jpg</filename>
	<path>C:\Projekte\MaturaPiCar\MachineLearning\ImagesMatura23\imagesRaspi\imagesRaspi1\Pics_V2_103.jpg</path>
	<source>
		<database>Unknown</database>
	</source>
	<size>
		<width>768</width>
		<height>1024</height>
		<depth>3</depth>
	</size>
	<segmented>0</segmented>
	<object>
		<name>kiwi</name>
		<pose>Unspecified</pose>
		<truncated>0</truncated>
		<difficult>0</difficult>
		<bndbox>
			<xmin>90</xmin>
			<ymin>546</ymin>
			<xmax>400</xmax>
			<ymax>764</ymax>
		</bndbox>
	</object>
	<object>
		<name>limette</name>
		<pose>Unspecified</pose>
		<truncated>0</truncated>
		<difficult>0</difficult>
		<bndbox>
			<xmin>461</xmin>
			<ymin>541</ymin>
			<xmax>673</xmax>
			<ymax>726</ymax>
		</bndbox>
	</object>
</annotation>
