<annotation>
	<folder>imagesRaspi2</folder>
	<filename>Pics_V2_237.jpg</filename>
	<path>C:\Users\leons\Downloads\imagesRaspi2-20230929T101728Z-001\imagesRaspi2\Pics_V2_237.jpg</path>
	<source>
		<database>Unknown</database>
	</source>
	<size>
		<width>768</width>
		<height>1024</height>
		<depth>3</depth>
	</size>
	<segmented>0</segmented>
	<object>
		<name>limette</name>
		<pose>Unspecified</pose>
		<truncated>0</truncated>
		<difficult>0</difficult>
		<bndbox>
			<xmin>452</xmin>
			<ymin>545</ymin>
			<xmax>681</xmax>
			<ymax>738</ymax>
		</bndbox>
	</object>
	<object>
		<name>passionsfrucht</name>
		<pose>Unspecified</pose>
		<truncated>0</truncated>
		<difficult>0</difficult>
		<bndbox>
			<xmin>146</xmin>
			<ymin>527</ymin>
			<xmax>391</xmax>
			<ymax>757</ymax>
		</bndbox>
	</object>
</annotation>
