<annotation>
	<folder>imagesRaspi1</folder>
	<filename>Pics_V2_6.jpg</filename>
	<path>C:\Projekte\MaturaPiCar\MachineLearning\ImagesMatura23\imagesRaspi\imagesRaspi1\Pics_V2_6.jpg</path>
	<source>
		<database>Unknown</database>
	</source>
	<size>
		<width>768</width>
		<height>1024</height>
		<depth>3</depth>
	</size>
	<segmented>0</segmented>
	<object>
		<name>zwetschge</name>
		<pose>Unspecified</pose>
		<truncated>0</truncated>
		<difficult>0</difficult>
		<bndbox>
			<xmin>198</xmin>
			<ymin>534</ymin>
			<xmax>294</xmax>
			<ymax>616</ymax>
		</bndbox>
	</object>
	<object>
		<name>kiwi</name>
		<pose>Unspecified</pose>
		<truncated>0</truncated>
		<difficult>0</difficult>
		<bndbox>
			<xmin>338</xmin>
			<ymin>448</ymin>
			<xmax>534</xmax>
			<ymax>581</ymax>
		</bndbox>
	</object>
</annotation>
