<annotation>
	<folder>imagesRaspi2</folder>
	<filename>Pics_V2_271.jpg</filename>
	<path>C:\Users\leons\Downloads\imagesRaspi2-20230929T101728Z-001\imagesRaspi2\Pics_V2_271.jpg</path>
	<source>
		<database>Unknown</database>
	</source>
	<size>
		<width>768</width>
		<height>1024</height>
		<depth>3</depth>
	</size>
	<segmented>0</segmented>
	<object>
		<name>passionsfrucht</name>
		<pose>Unspecified</pose>
		<truncated>0</truncated>
		<difficult>0</difficult>
		<bndbox>
			<xmin>429</xmin>
			<ymin>504</ymin>
			<xmax>694</xmax>
			<ymax>738</ymax>
		</bndbox>
	</object>
	<object>
		<name>zitrone</name>
		<pose>Unspecified</pose>
		<truncated>0</truncated>
		<difficult>0</difficult>
		<bndbox>
			<xmin>33</xmin>
			<ymin>526</ymin>
			<xmax>353</xmax>
			<ymax>780</ymax>
		</bndbox>
	</object>
</annotation>
