<annotation>
	<folder>imagesRaspi1</folder>
	<filename>Pics_V2_40.jpg</filename>
	<path>C:\Projekte\MaturaPiCar\MachineLearning\ImagesMatura23\imagesRaspi\imagesRaspi1\Pics_V2_40.jpg</path>
	<source>
		<database>Unknown</database>
	</source>
	<size>
		<width>768</width>
		<height>1024</height>
		<depth>3</depth>
	</size>
	<segmented>0</segmented>
	<object>
		<name>zitrone</name>
		<pose>Unspecified</pose>
		<truncated>0</truncated>
		<difficult>0</difficult>
		<bndbox>
			<xmin>87</xmin>
			<ymin>493</ymin>
			<xmax>272</xmax>
			<ymax>676</ymax>
		</bndbox>
	</object>
	<object>
		<name>limette</name>
		<pose>Unspecified</pose>
		<truncated>0</truncated>
		<difficult>0</difficult>
		<bndbox>
			<xmin>337</xmin>
			<ymin>525</ymin>
			<xmax>483</xmax>
			<ymax>655</ymax>
		</bndbox>
	</object>
</annotation>
