<annotation>
	<folder>imagesRaspi2</folder>
	<filename>Pics_V2_114.jpg</filename>
	<path>C:\Users\leons\Downloads\imagesRaspi2-20230929T101728Z-001\imagesRaspi2\Pics_V2_114.jpg</path>
	<source>
		<database>Unknown</database>
	</source>
	<size>
		<width>768</width>
		<height>1024</height>
		<depth>3</depth>
	</size>
	<segmented>0</segmented>
	<object>
		<name>zwetschge</name>
		<pose>Unspecified</pose>
		<truncated>0</truncated>
		<difficult>0</difficult>
		<bndbox>
			<xmin>424</xmin>
			<ymin>593</ymin>
			<xmax>546</xmax>
			<ymax>718</ymax>
		</bndbox>
	</object>
	<object>
		<name>limette</name>
		<pose>Unspecified</pose>
		<truncated>0</truncated>
		<difficult>0</difficult>
		<bndbox>
			<xmin>163</xmin>
			<ymin>574</ymin>
			<xmax>352</xmax>
			<ymax>745</ymax>
		</bndbox>
	</object>
</annotation>
